1,OmegaTuna1,DeltaTuna1,ThetaTuna1,f729da2d-1c9a-4d24-adf6-de6615ecbbde
2,OmegaTuna2,DeltaTuna2,ThetaTuna2,b5a60315-43e7-4c64-b10e-5a19982c7512
3,OmegaTuna3,DeltaTuna3,ThetaTuna3,1b695272-e5d2-4c85-8b1f-2e3ecc381d80
4,OmegaTuna4,DeltaTuna4,ThetaTuna4,f147683c-3063-4c34-971c-19840098dd92
5,OmegaTuna5,DeltaTuna5,ThetaTuna5,35b003b1-2db4-4422-a8d1-007c5746a6bb
6,OmegaTuna6,DeltaTuna6,ThetaTuna6,68ce06de-03b2-4c0f-bec7-0b09a9fa1bae
7,OmegaTuna7,DeltaTuna7,ThetaTuna7,289d2357-8aee-4ceb-a508-d61d1231646c
8,OmegaTuna8,DeltaTuna8,ThetaTuna8,4282b49f-09aa-46eb-ba00-4a6fc2dead61
9,OmegaTuna9,DeltaTuna9,ThetaTuna9,b29f31d2-dcda-4e3c-aa72-a45460f12803
10,OmegaTuna10,DeltaTuna10,ThetaTuna10,a327f732-92e7-4294-bf1e-7d4b7930e5e3
11,OmegaTuna11,DeltaTuna11,ThetaTuna11,fb754768-52c1-4936-adf5-d499824c94f7
12,OmegaTuna12,DeltaTuna12,ThetaTuna12,15ac24f5-eea0-4fc4-8584-476e1dd604da
13,OmegaTuna13,DeltaTuna13,ThetaTuna13,5dd8a35c-b67e-4e16-a9f4-3f5c7dc6eb75
14,OmegaTuna14,DeltaTuna14,ThetaTuna14,f4c02d95-ffa7-40f4-97ed-df06fdc4a7b7
15,OmegaTuna15,DeltaTuna15,ThetaTuna15,25219399-8277-44ab-b56d-ec2a2138d7b7
16,OmegaTuna16,DeltaTuna16,ThetaTuna16,1cb4fc78-372d-41ad-92f9-e97da136f0d9
17,OmegaTuna17,DeltaTuna17,ThetaTuna17,ad09267a-32ac-41c1-bbe5-8fbd835b3628
18,OmegaTuna18,DeltaTuna18,ThetaTuna18,49538924-5490-45a3-b796-6cca57007664
19,OmegaTuna19,DeltaTuna19,ThetaTuna19,da67a68f-0f2f-40e9-b958-643ae4b56975
20,OmegaTuna20,DeltaTuna20,ThetaTuna20,240a76c0-7f1b-4499-943a-7ea6be549187
21,OmegaTuna21,DeltaTuna21,ThetaTuna21,21500fba-1847-4f92-b4c1-50c78891af73
22,OmegaTuna22,DeltaTuna22,ThetaTuna22,98877c5d-81f3-4d61-88a6-843f412b5275
23,OmegaTuna23,DeltaTuna23,ThetaTuna23,34b81c22-eec2-4273-bbb6-dd576d5959d0
24,OmegaTuna24,DeltaTuna24,ThetaTuna24,8c6a1894-1d48-483b-9e3f-27364db8197f
25,OmegaTuna25,DeltaTuna25,ThetaTuna25,ceaf7861-cfb1-4ec3-b081-62e0ec449046
26,OmegaTuna26,DeltaTuna26,ThetaTuna26,57623a65-9953-4a93-b2d5-a752311d2e91
27,OmegaTuna27,DeltaTuna27,ThetaTuna27,c8397744-9551-430b-8d2c-f9032b0489a0
28,OmegaTuna28,DeltaTuna28,ThetaTuna28,811e4862-d17b-4419-87f9-a5265814aa65
29,OmegaTuna29,DeltaTuna29,ThetaTuna29,55c7f4be-615d-4e85-86d3-1668fcdc0966
30,OmegaTuna30,DeltaTuna30,ThetaTuna30,7f66270f-9b5b-4b3b-b30c-5c09853499c3
31,OmegaTuna31,DeltaTuna31,ThetaTuna31,d12736b2-b7c7-45a4-b35d-0404fec6641b
32,OmegaTuna32,DeltaTuna32,ThetaTuna32,06547eeb-464c-4ece-8719-e554d0e727e6
33,OmegaTuna33,DeltaTuna33,ThetaTuna33,f1951c08-d34f-422f-a9d9-9d67e6eb5dba
34,OmegaTuna34,DeltaTuna34,ThetaTuna34,9ce04bab-a80f-4713-973f-936cd7572c74
35,OmegaTuna35,DeltaTuna35,ThetaTuna35,e5bfdb8a-2dc8-4c20-9b2d-190cd1b9dc50
36,OmegaTuna36,DeltaTuna36,ThetaTuna36,d7d8932c-79f9-4057-ba9e-2aaba0fd8047
37,OmegaTuna37,DeltaTuna37,ThetaTuna37,32df9557-fe59-4a2e-ab54-9d1c5e4f4363
38,OmegaTuna38,DeltaTuna38,ThetaTuna38,e54800e0-d8f6-4518-bec5-7a3ced6f4c81
39,OmegaTuna39,DeltaTuna39,ThetaTuna39,dfff8cfa-5807-4237-a2e3-06b0c7587091
40,OmegaTuna40,DeltaTuna40,ThetaTuna40,4f66c20f-2154-4d7d-802e-d287d80703ad
41,OmegaTuna41,DeltaTuna41,ThetaTuna41,4057069c-1664-4333-9e3a-5b2e90f757dd
42,OmegaTuna42,DeltaTuna42,ThetaTuna42,e6b116d2-7f95-4a74-89b0-e86de2504ba4
43,OmegaTuna43,DeltaTuna43,ThetaTuna43,5f4a181f-21d2-463b-9b75-cac43f3099a8
44,OmegaTuna44,DeltaTuna44,ThetaTuna44,10d84a78-4e22-4e19-aa35-95f831d04be6
45,OmegaTuna45,DeltaTuna45,ThetaTuna45,5c21666d-42c9-4fc6-a0bf-d8d23dce7af3
46,OmegaTuna46,DeltaTuna46,ThetaTuna46,2d03a6d3-a66d-41cf-9ae8-27fd6c38e70b
47,OmegaTuna47,DeltaTuna47,ThetaTuna47,70b6dd0d-0a89-4fec-8700-3381f7390133
48,OmegaTuna48,DeltaTuna48,ThetaTuna48,cb663397-060d-41b9-b78e-2be944b62072
49,OmegaTuna49,DeltaTuna49,ThetaTuna49,71f0e951-6e99-47c1-acf1-df995368d5ef
50,OmegaTuna50,DeltaTuna50,ThetaTuna50,65f9a25b-763f-4157-b363-f738c32b615e
51,OmegaTuna51,DeltaTuna51,ThetaTuna51,43609f77-71a8-46e4-9471-045882303459
52,OmegaTuna52,DeltaTuna52,ThetaTuna52,93cc7e01-f36f-4776-800e-dfae32e99eee
53,OmegaTuna53,DeltaTuna53,ThetaTuna53,0645004a-7a14-4b68-8ef3-b1f1d924172f
54,OmegaTuna54,DeltaTuna54,ThetaTuna54,cfdb9d49-4317-408e-b07e-e90a0e68589a
55,OmegaTuna55,DeltaTuna55,ThetaTuna55,226568bb-ae51-47fe-bb97-79b317acdf89
56,OmegaTuna56,DeltaTuna56,ThetaTuna56,343dda06-e3f3-455e-ab3e-da2b47267a6f
57,OmegaTuna57,DeltaTuna57,ThetaTuna57,0540ff8a-d16a-4761-9217-fe6296220d72
58,OmegaTuna58,DeltaTuna58,ThetaTuna58,92751bd5-9e79-4727-a215-aeae94c35266
59,OmegaTuna59,DeltaTuna59,ThetaTuna59,6c33273a-8848-4653-b26f-d0eb79d8fdff
60,OmegaTuna60,DeltaTuna60,ThetaTuna60,cdcabac0-dd36-4de3-80c0-128eef5c5730
61,OmegaTuna61,DeltaTuna61,ThetaTuna61,4bbd1e28-fe0e-472f-aa88-226eef238533
62,OmegaTuna62,DeltaTuna62,ThetaTuna62,b089e1dd-a6f8-4b9d-b4f9-7c3c125e9cb1
63,OmegaTuna63,DeltaTuna63,ThetaTuna63,ba3db047-683b-49a4-b010-1768e314ad0b
64,OmegaTuna64,DeltaTuna64,ThetaTuna64,faa6fb4e-7850-40bc-ba77-ef1b2523e2d5
65,OmegaTuna65,DeltaTuna65,ThetaTuna65,72664848-4af3-4356-9370-863d293790df
66,OmegaTuna66,DeltaTuna66,ThetaTuna66,a21ae0d4-e1be-4d75-b9c4-4f48b03a31d9
67,OmegaTuna67,DeltaTuna67,ThetaTuna67,b3ccc49e-6595-4cc9-a80a-12e1ae3c3bc5
68,OmegaTuna68,DeltaTuna68,ThetaTuna68,28119cda-9f46-498c-973a-9f257ee54f60
69,OmegaTuna69,DeltaTuna69,ThetaTuna69,22b840f2-9a18-4604-9f9f-797ce31e2b4d
70,OmegaTuna70,DeltaTuna70,ThetaTuna70,d8201364-9d4d-4f50-b0a8-539b343d1260
71,OmegaTuna71,DeltaTuna71,ThetaTuna71,0fd4634e-014d-4e13-9cc7-c401fb4a5c6e
72,OmegaTuna72,DeltaTuna72,ThetaTuna72,c64c1a62-e59f-4d9f-98bc-abb2ab82a8ed
73,OmegaTuna73,DeltaTuna73,ThetaTuna73,d80761dc-3bcc-4940-97b1-2829760edc7d
74,OmegaTuna74,DeltaTuna74,ThetaTuna74,a1d5db42-1d8c-454f-81e4-6c5d02dd36fb
75,OmegaTuna75,DeltaTuna75,ThetaTuna75,956b7bf8-5531-4d57-bb3f-c54f8bd4ac0e
76,OmegaTuna76,DeltaTuna76,ThetaTuna76,45cba3eb-6365-416c-a076-6050f76aabff
77,OmegaTuna77,DeltaTuna77,ThetaTuna77,91465eaf-45f3-4a3f-aea3-8ac6287236c8
78,OmegaTuna78,DeltaTuna78,ThetaTuna78,840aa76d-c9df-44cd-bc3f-438ea005a710
79,OmegaTuna79,DeltaTuna79,ThetaTuna79,fb62654c-89f3-488c-a96c-f7f6f5aa1159
80,OmegaTuna80,DeltaTuna80,ThetaTuna80,69dfea32-9a55-4412-91a6-c19bfbd0914d
81,OmegaTuna81,DeltaTuna81,ThetaTuna81,35a64601-06f7-48b2-936e-414ae198efa9
82,OmegaTuna82,DeltaTuna82,ThetaTuna82,a6909631-5f6f-46dd-b442-a02d75e6c269
83,OmegaTuna83,DeltaTuna83,ThetaTuna83,3e93924a-8e9d-437b-8cc0-31f5e5347b54
84,OmegaTuna84,DeltaTuna84,ThetaTuna84,5e4d9b31-ec4a-48cd-b6a5-b3378b3f5fa5
85,OmegaTuna85,DeltaTuna85,ThetaTuna85,b1d83120-a03a-45cf-a1f9-3fd41b0818b3
86,OmegaTuna86,DeltaTuna86,ThetaTuna86,ce18b1d2-a49a-409a-a7bc-980e4e46cd65
87,OmegaTuna87,DeltaTuna87,ThetaTuna87,e344a87f-cf6e-43a8-9478-1375f55ac87c
88,OmegaTuna88,DeltaTuna88,ThetaTuna88,9478f7c9-0f1c-4973-93b0-fb3b7201fcef
89,OmegaTuna89,DeltaTuna89,ThetaTuna89,e593de8d-ed57-4ddd-ab3e-4f878a0ed269
90,OmegaTuna90,DeltaTuna90,ThetaTuna90,3983d733-c26f-4a2d-bf26-755077c43f67
91,OmegaTuna91,DeltaTuna91,ThetaTuna91,c5505d0f-8320-4335-af96-5b4f8c352c79
92,OmegaTuna92,DeltaTuna92,ThetaTuna92,c5385f5b-145e-4e25-bed6-851212bc0a85
93,OmegaTuna93,DeltaTuna93,ThetaTuna93,dbaaec7f-7c07-4500-a540-60806995401a
94,OmegaTuna94,DeltaTuna94,ThetaTuna94,67bd3bef-26d6-49e0-937d-7f18a34ad86e
95,OmegaTuna95,DeltaTuna95,ThetaTuna95,fc657141-1252-44bf-badb-b031311bf222
96,OmegaTuna96,DeltaTuna96,ThetaTuna96,72dc8dcb-a1fa-43e9-8de2-050ff054011e
97,OmegaTuna97,DeltaTuna97,ThetaTuna97,895e0015-f263-47c9-8fe1-871937543136
98,OmegaTuna98,DeltaTuna98,ThetaTuna98,7bc92e06-d8b1-4ea3-b29b-0265906dda36
99,OmegaTuna99,DeltaTuna99,ThetaTuna99,818f45f1-e33f-48fb-a9e5-67dc62590c08
100,OmegaTuna100,DeltaTuna100,ThetaTuna100,1125fc1f-89c2-4647-ba88-13eb9e3e33e1
101,OmegaTuna101,DeltaTuna101,ThetaTuna101,69654244-7bb3-4a08-8262-b8b2b9b98d29
102,OmegaTuna102,DeltaTuna102,ThetaTuna102,0aae9a2a-6298-450f-90c2-515500a2f8dc
103,OmegaTuna103,DeltaTuna103,ThetaTuna103,ab482019-4d31-4541-ac8a-4e4ce63a9b74
104,OmegaTuna104,DeltaTuna104,ThetaTuna104,c1f5d7c8-5fb8-4a64-98ba-0aa53b69466a
105,OmegaTuna105,DeltaTuna105,ThetaTuna105,3cb36d99-5954-4d96-9c76-58be80869480
106,OmegaTuna106,DeltaTuna106,ThetaTuna106,0c1d3677-c424-461a-a802-8653d308c874
107,OmegaTuna107,DeltaTuna107,ThetaTuna107,1d981348-2f63-40f8-8aec-da8f12966ee2
108,OmegaTuna108,DeltaTuna108,ThetaTuna108,ce9bc13a-25be-4bfc-8011-4b7be4dd6d76
109,OmegaTuna109,DeltaTuna109,ThetaTuna109,178f7d46-44ae-4ef3-8770-c01f9203c6a0
110,OmegaTuna110,DeltaTuna110,ThetaTuna110,56bcf870-29ad-4564-8341-283d77af04b3
111,OmegaTuna111,DeltaTuna111,ThetaTuna111,e42c63a8-f196-4a70-ab8e-4d02a4d974cf
112,OmegaTuna112,DeltaTuna112,ThetaTuna112,40617153-a90a-4b8b-9386-7e5594a3bcb9
113,OmegaTuna113,DeltaTuna113,ThetaTuna113,c4b6f003-bcbf-4e09-a861-b50d5f564c5e
114,OmegaTuna114,DeltaTuna114,ThetaTuna114,f710ebcc-777f-437c-b7e4-dc28b5011e51
115,OmegaTuna115,DeltaTuna115,ThetaTuna115,7932393f-c8c5-4043-bc64-471cbc6551e1
116,OmegaTuna116,DeltaTuna116,ThetaTuna116,3acc25e4-7171-46a6-9413-c3a0e49c1129
117,OmegaTuna117,DeltaTuna117,ThetaTuna117,0734ac3d-7558-44f2-9638-566d8a816d52
118,OmegaTuna118,DeltaTuna118,ThetaTuna118,3e7181c9-e15d-4352-b48d-a3a0150ff7cc
119,OmegaTuna119,DeltaTuna119,ThetaTuna119,16d7eebd-2f49-4a4e-bd65-61a877c070b6
120,OmegaTuna120,DeltaTuna120,ThetaTuna120,da8999c8-ffb3-4daf-bb9e-406633ff86f0
121,OmegaTuna121,DeltaTuna121,ThetaTuna121,9ccd4a91-291d-4271-a755-8288381df5f6
122,OmegaTuna122,DeltaTuna122,ThetaTuna122,8b0b7d5d-6292-4474-95cf-b4abb41229ed
123,OmegaTuna123,DeltaTuna123,ThetaTuna123,922061b5-fa7b-4a75-8439-83198b1f800a
124,OmegaTuna124,DeltaTuna124,ThetaTuna124,026dd8be-213e-45f1-a696-5d74453caf1a
125,OmegaTuna125,DeltaTuna125,ThetaTuna125,25437796-71eb-453b-8826-43ac82af256e
126,OmegaTuna126,DeltaTuna126,ThetaTuna126,c4a9a408-d2fd-4e7d-b6ac-4a13c0b8d56d
127,OmegaTuna127,DeltaTuna127,ThetaTuna127,60e09de9-e159-48bf-98d0-72975ec1b2f6
128,OmegaTuna128,DeltaTuna128,ThetaTuna128,6c341c05-af92-4f0f-8a19-3a2cf95fc774
129,OmegaTuna129,DeltaTuna129,ThetaTuna129,167c8502-c166-40f1-8b55-6d3c40958908
130,OmegaTuna130,DeltaTuna130,ThetaTuna130,d5357021-115d-45ac-ab4d-0201b889f711
131,OmegaTuna131,DeltaTuna131,ThetaTuna131,555ef9d6-4492-427b-bd6b-64849cc46daa
132,OmegaTuna132,DeltaTuna132,ThetaTuna132,2fc7f4e9-42eb-43a7-a6ec-095a6aa89142
133,OmegaTuna133,DeltaTuna133,ThetaTuna133,34797180-4f60-4f29-93db-d1fbf04ce9fc
134,OmegaTuna134,DeltaTuna134,ThetaTuna134,60c9723c-0efd-4f20-aa49-8885902eb2b4
135,OmegaTuna135,DeltaTuna135,ThetaTuna135,90b4220f-3863-46f3-9d47-7bd7c950a3d4
136,OmegaTuna136,DeltaTuna136,ThetaTuna136,f5977c69-73c0-4aeb-9b9d-386c65de8c64
137,OmegaTuna137,DeltaTuna137,ThetaTuna137,ff75c15b-ec9e-4802-a89f-f453c8e1a2ec
138,OmegaTuna138,DeltaTuna138,ThetaTuna138,588a3404-ad33-42a8-8fc9-ee202787ebb6
139,OmegaTuna139,DeltaTuna139,ThetaTuna139,bb5736c5-60ea-43a2-82f4-b3fac154fbe6
140,OmegaTuna140,DeltaTuna140,ThetaTuna140,bb9a2192-19e6-4dfc-82e0-ee8638ae13df
141,OmegaTuna141,DeltaTuna141,ThetaTuna141,7b4bb0e2-b611-4ee3-82dc-c1ed52102ecf
142,OmegaTuna142,DeltaTuna142,ThetaTuna142,5d568564-6203-4ef4-88b2-d11c856da86c
143,OmegaTuna143,DeltaTuna143,ThetaTuna143,ece5c3f9-e924-430a-a03d-55c1552e4e5d
144,OmegaTuna144,DeltaTuna144,ThetaTuna144,851c15d6-7a7b-4d6e-9c15-235af8bd7e8f
145,OmegaTuna145,DeltaTuna145,ThetaTuna145,7e392b16-fa26-4aac-8d15-89cd6803fadc
146,OmegaTuna146,DeltaTuna146,ThetaTuna146,c2ddf8d5-f8f1-4b8f-bd48-4c389f90e1fc
147,OmegaTuna147,DeltaTuna147,ThetaTuna147,9cae6bd7-0934-46e2-8666-7fd242765688
148,OmegaTuna148,DeltaTuna148,ThetaTuna148,4a8014d6-e994-4ddb-b72b-bb5a2ff78cb8
149,OmegaTuna149,DeltaTuna149,ThetaTuna149,c5d6c767-208f-4703-82df-7d0f8c6acb58
150,OmegaTuna150,DeltaTuna150,ThetaTuna150,4d35fb2f-3531-4a1c-ac03-f8d29361f76d
151,OmegaTuna151,DeltaTuna151,ThetaTuna151,027aab4d-04b7-4a05-a3f8-86ddb50eee46
152,OmegaTuna152,DeltaTuna152,ThetaTuna152,fcbe2fd0-5614-4910-8e57-a865af476439
153,OmegaTuna153,DeltaTuna153,ThetaTuna153,16c32ecd-f94f-4306-902f-9329330e8338
154,OmegaTuna154,DeltaTuna154,ThetaTuna154,542bb127-d9c5-451c-88de-c888b9ebfa92
155,OmegaTuna155,DeltaTuna155,ThetaTuna155,2adbcbfb-1973-4cef-8dab-c6b7f396feb6
156,OmegaTuna156,DeltaTuna156,ThetaTuna156,6d6178b5-bb4c-4337-96ac-2bd5a0719ea9
157,OmegaTuna157,DeltaTuna157,ThetaTuna157,89c2bc10-7e00-4125-92e4-11bd8a561c9c
158,OmegaTuna158,DeltaTuna158,ThetaTuna158,169d20be-f3ce-4160-90d7-ba19c0faf9e2
159,OmegaTuna159,DeltaTuna159,ThetaTuna159,601d2a1f-19ab-4ea1-aa11-cb793e99619d
160,OmegaTuna160,DeltaTuna160,ThetaTuna160,63e805a4-e1ab-427e-9731-9cc624abfe0c
161,OmegaTuna161,DeltaTuna161,ThetaTuna161,f9f179a7-9be5-4125-af16-de818d637e83
162,OmegaTuna162,DeltaTuna162,ThetaTuna162,40b1135e-2faa-4d2d-9ac3-aa387ba53cfd
163,OmegaTuna163,DeltaTuna163,ThetaTuna163,90f519d3-5c5e-48a4-99fd-f2dcb407dbf9
164,OmegaTuna164,DeltaTuna164,ThetaTuna164,f9f02efe-6749-4b21-92e0-3a5e9f103ee6
165,OmegaTuna165,DeltaTuna165,ThetaTuna165,0efb021f-69a8-4b49-beb0-6b7efe9bf853
166,OmegaTuna166,DeltaTuna166,ThetaTuna166,39f619e0-7cf8-4217-9da6-6ffa766b2654
167,OmegaTuna167,DeltaTuna167,ThetaTuna167,42fb0417-c821-48c7-a4a5-11cf9a8ae83b
168,OmegaTuna168,DeltaTuna168,ThetaTuna168,c6ed1618-f752-4778-a15c-83cc7237cbb2
169,OmegaTuna169,DeltaTuna169,ThetaTuna169,2411a3d5-71a3-45b3-9422-3d1a92d428ff
170,OmegaTuna170,DeltaTuna170,ThetaTuna170,931005a0-51a4-47be-9c65-18017e0d8483
171,OmegaTuna171,DeltaTuna171,ThetaTuna171,ffaf7a33-fb54-4439-914d-32e563bdc59e
172,OmegaTuna172,DeltaTuna172,ThetaTuna172,124c1278-79ae-48ed-ae42-d7ef4fcdb297
173,OmegaTuna173,DeltaTuna173,ThetaTuna173,76fec109-5d9f-4ca4-ae53-f2bf1fd6e864
174,OmegaTuna174,DeltaTuna174,ThetaTuna174,41f37055-0a1c-41ac-8678-9d8417e6d061
175,OmegaTuna175,DeltaTuna175,ThetaTuna175,64af1c02-3905-45b2-8823-2a4d13d7fa97
176,OmegaTuna176,DeltaTuna176,ThetaTuna176,2daecc86-1bf1-4181-b0a8-d9c51d5aa171
177,OmegaTuna177,DeltaTuna177,ThetaTuna177,65208f36-f44f-4f5b-a52a-fdb650747ec4
178,OmegaTuna178,DeltaTuna178,ThetaTuna178,275c197b-5eb9-497f-9910-34eb288c86c6
179,OmegaTuna179,DeltaTuna179,ThetaTuna179,13c838ed-41d4-4474-bfd0-2dcf688ecf88
180,OmegaTuna180,DeltaTuna180,ThetaTuna180,334266c3-316a-45d7-841d-2d46514e70fb
181,OmegaTuna181,DeltaTuna181,ThetaTuna181,a35bd851-fe76-4234-b02f-de7a6acb9a79
182,OmegaTuna182,DeltaTuna182,ThetaTuna182,f29466d7-6d88-4632-9f62-394f69514ca5
183,OmegaTuna183,DeltaTuna183,ThetaTuna183,39e06f94-d435-445f-8dd4-9e62f3512fbf
184,OmegaTuna184,DeltaTuna184,ThetaTuna184,1a8d19db-2eb5-48de-b972-37eca6e6762d
185,OmegaTuna185,DeltaTuna185,ThetaTuna185,b492d459-8c40-451d-83fc-6e6ed99dec38
186,OmegaTuna186,DeltaTuna186,ThetaTuna186,0cc86711-fb30-4524-97a6-e9d240529d2d
187,OmegaTuna187,DeltaTuna187,ThetaTuna187,46a5b1e8-ed88-4ce3-958a-ad886c1253ed
188,OmegaTuna188,DeltaTuna188,ThetaTuna188,d09627df-934e-4255-adf1-47f47f6839ad
189,OmegaTuna189,DeltaTuna189,ThetaTuna189,5f932ed5-2a80-435b-a7eb-2448c9d328aa
190,OmegaTuna190,DeltaTuna190,ThetaTuna190,85f3501e-afd8-4320-909d-ba7457eafb30
191,OmegaTuna191,DeltaTuna191,ThetaTuna191,a6506cf0-7ee0-4a36-a998-3b824d9dd802
192,OmegaTuna192,DeltaTuna192,ThetaTuna192,5cef21a1-b11e-4348-a90d-abd2a63973e7
193,OmegaTuna193,DeltaTuna193,ThetaTuna193,6fc8e952-e822-4832-8902-1a1cc79734c9
194,OmegaTuna194,DeltaTuna194,ThetaTuna194,b9e47dfa-eacf-467a-9956-5f67d72bce09
195,OmegaTuna195,DeltaTuna195,ThetaTuna195,cedaa2ac-c837-479e-bfd8-b0d2c1504123
196,OmegaTuna196,DeltaTuna196,ThetaTuna196,52719587-e19a-4bb2-ae8e-7af64320581e
197,OmegaTuna197,DeltaTuna197,ThetaTuna197,6a59c0fb-ef55-4385-b2d0-a58b823b2bc5
198,OmegaTuna198,DeltaTuna198,ThetaTuna198,53a834fb-f669-4335-b17d-fa9470a79da0
199,OmegaTuna199,DeltaTuna199,ThetaTuna199,150769d5-d489-42db-beb5-674cdfb8ab26
200,OmegaTuna200,DeltaTuna200,ThetaTuna200,9b5b93f2-0dd3-435f-9a1d-76b80a276846
201,OmegaTuna201,DeltaTuna201,ThetaTuna201,b603ab58-b71f-4cc6-97d3-73c1634e5e0e
202,OmegaTuna202,DeltaTuna202,ThetaTuna202,d506902c-8647-453c-af45-f536fc632add
203,OmegaTuna203,DeltaTuna203,ThetaTuna203,f0a48d5d-b1ca-4229-a5f3-b5353366b684
204,OmegaTuna204,DeltaTuna204,ThetaTuna204,cfac1676-d38a-4b11-82fb-99d35401f9d4
205,OmegaTuna205,DeltaTuna205,ThetaTuna205,d4af5f72-eed5-4517-97fc-bca6cdf206e5
206,OmegaTuna206,DeltaTuna206,ThetaTuna206,f49f9cef-9146-4dc4-b191-85159ac4a485
207,OmegaTuna207,DeltaTuna207,ThetaTuna207,6a43f878-f4c5-4bd8-abb6-d61371dd4c8f
208,OmegaTuna208,DeltaTuna208,ThetaTuna208,4afdf8da-5d15-46ad-ba35-b460030abd6a
209,OmegaTuna209,DeltaTuna209,ThetaTuna209,4cecb9ec-d307-448d-8fb7-5c180a3c494e
210,OmegaTuna210,DeltaTuna210,ThetaTuna210,2e07d5bb-bbfc-4ca8-8c0f-81feae40380e
211,OmegaTuna211,DeltaTuna211,ThetaTuna211,3f03be51-a773-4d28-8efc-8c630371862b
212,OmegaTuna212,DeltaTuna212,ThetaTuna212,f2a30f29-e667-427f-8f05-33adc6781049
213,OmegaTuna213,DeltaTuna213,ThetaTuna213,eca0fec7-d53f-4913-a688-cdb5f3adb81f
214,OmegaTuna214,DeltaTuna214,ThetaTuna214,84618d0e-9c21-4699-b66b-961fd1fe31f1
215,OmegaTuna215,DeltaTuna215,ThetaTuna215,5db55294-5faa-4fac-ae7f-c518e703c026
216,OmegaTuna216,DeltaTuna216,ThetaTuna216,72a82f64-f8b6-4442-af47-451d3160ac0c
217,OmegaTuna217,DeltaTuna217,ThetaTuna217,50846a55-d660-42ad-a90c-4cda68dc9811
218,OmegaTuna218,DeltaTuna218,ThetaTuna218,8035a96d-5e91-47f9-9bd5-6e072922eb97
219,OmegaTuna219,DeltaTuna219,ThetaTuna219,8832d170-a1eb-46b3-b51c-0b76f7e7ce35
220,OmegaTuna220,DeltaTuna220,ThetaTuna220,481ed116-9d32-4e1b-a008-85907d9b7787
221,OmegaTuna221,DeltaTuna221,ThetaTuna221,064f7bff-f483-4661-b060-3c91e7597a81
222,OmegaTuna222,DeltaTuna222,ThetaTuna222,f27525ba-9bc6-4853-aba0-76443e64ae78
223,OmegaTuna223,DeltaTuna223,ThetaTuna223,741be5eb-8570-4e2a-ad62-3d1b8d34844c
224,OmegaTuna224,DeltaTuna224,ThetaTuna224,3095799a-d2cb-4918-afb0-c47bb564a669
225,OmegaTuna225,DeltaTuna225,ThetaTuna225,80ee5069-bc26-4fed-af8f-ec68183311e1
226,OmegaTuna226,DeltaTuna226,ThetaTuna226,723bd0e1-5f56-40c9-9d1e-96e83d303bc9
227,OmegaTuna227,DeltaTuna227,ThetaTuna227,f7456702-d9ee-4650-acd0-fba8c1fec5c3
228,OmegaTuna228,DeltaTuna228,ThetaTuna228,86f743da-9c0f-4304-9eb2-b973a9651daa
229,OmegaTuna229,DeltaTuna229,ThetaTuna229,f69baa79-1aad-49a1-8503-2dd4654b1057
230,OmegaTuna230,DeltaTuna230,ThetaTuna230,725282da-e0d0-4f2c-9102-7df70712c198
231,OmegaTuna231,DeltaTuna231,ThetaTuna231,d8f5f1fd-9a03-493b-8dc8-c74c38c0e715
232,OmegaTuna232,DeltaTuna232,ThetaTuna232,a90a58d2-e477-4629-a273-fc075a60feba
233,OmegaTuna233,DeltaTuna233,ThetaTuna233,ed4aa43b-5692-40df-825e-e47b51aa1818
234,OmegaTuna234,DeltaTuna234,ThetaTuna234,a6fb6286-87ea-4f72-b884-4b24db7ec71f
235,OmegaTuna235,DeltaTuna235,ThetaTuna235,92ed843c-ad04-489a-88a0-da8138021f1e
236,OmegaTuna236,DeltaTuna236,ThetaTuna236,c88bfaca-f49d-4b56-b78f-bde4d65f3a56
237,OmegaTuna237,DeltaTuna237,ThetaTuna237,09a8bb6d-c8df-4539-ac51-4b3b89f330fa
238,OmegaTuna238,DeltaTuna238,ThetaTuna238,2ef78faf-631e-45a9-8f05-b641bbc0ffb4
239,OmegaTuna239,DeltaTuna239,ThetaTuna239,0958e77e-275d-41a8-a478-16449ca627b9
240,OmegaTuna240,DeltaTuna240,ThetaTuna240,ba07fc9f-3e19-45db-b6f3-1e5c64d1ebb3
241,OmegaTuna241,DeltaTuna241,ThetaTuna241,6e165e49-4bd3-4115-b004-fefc1d4b183c
242,OmegaTuna242,DeltaTuna242,ThetaTuna242,883456f0-bb37-4c91-86d3-86b469d13413
243,OmegaTuna243,DeltaTuna243,ThetaTuna243,061a78e6-30be-4d91-ba5a-cb62427fa045
244,OmegaTuna244,DeltaTuna244,ThetaTuna244,689511fe-f9c8-4359-b4a8-26b2809490ee
245,OmegaTuna245,DeltaTuna245,ThetaTuna245,715e037e-0a51-4395-860e-6456f253b1ab
246,OmegaTuna246,DeltaTuna246,ThetaTuna246,31b54050-13db-49f6-af28-f68940d481ab
247,OmegaTuna247,DeltaTuna247,ThetaTuna247,4bf9de84-33f7-4f08-909a-5c7f0c7ca25d
248,OmegaTuna248,DeltaTuna248,ThetaTuna248,569470fd-46da-4ffe-b26d-d161bb346774
249,OmegaTuna249,DeltaTuna249,ThetaTuna249,be3a0266-9a3d-407e-92e9-eeb817c3ad8b
250,OmegaTuna250,DeltaTuna250,ThetaTuna250,0b57074a-e90b-4642-af7f-de1fda1fabf3
251,OmegaTuna251,DeltaTuna251,ThetaTuna251,cd481d48-f57f-4d93-ace3-3363323bf3e3
252,OmegaTuna252,DeltaTuna252,ThetaTuna252,68acff5d-b886-4a2d-af0b-94364ef73bf9
253,OmegaTuna253,DeltaTuna253,ThetaTuna253,08b76c7a-e454-4b08-9ed1-dc2c102f5506
254,OmegaTuna254,DeltaTuna254,ThetaTuna254,24d1a49a-a99a-4e08-8463-b57bae5ac659
255,OmegaTuna255,DeltaTuna255,ThetaTuna255,d545312b-22e5-4fa9-ab01-772fa441d830
256,OmegaTuna256,DeltaTuna256,ThetaTuna256,7bdcb3e1-e053-4ce6-a0d7-3cb773cbce61
257,OmegaTuna257,DeltaTuna257,ThetaTuna257,81c4bf79-745f-466c-9067-7d8baf692d50
258,OmegaTuna258,DeltaTuna258,ThetaTuna258,efd4022a-55aa-47b8-bb19-e7b41192cea9
259,OmegaTuna259,DeltaTuna259,ThetaTuna259,791be1db-57cc-42f3-872b-64051236cb3a
260,OmegaTuna260,DeltaTuna260,ThetaTuna260,7fb0d74f-c179-4347-a79a-2580e47a76e0
261,OmegaTuna261,DeltaTuna261,ThetaTuna261,b9bd4b3f-adde-45c5-83a7-ee7d75c20b95
262,OmegaTuna262,DeltaTuna262,ThetaTuna262,a914fe0e-2034-444e-bc72-4de366f91bc5
263,OmegaTuna263,DeltaTuna263,ThetaTuna263,f75940f8-602e-44c2-9301-98df0330c7ed
264,OmegaTuna264,DeltaTuna264,ThetaTuna264,f0371452-8ca3-48d4-a931-65fed7e12078
265,OmegaTuna265,DeltaTuna265,ThetaTuna265,294d1709-9370-41ef-a3cc-a49d1547e57e
266,OmegaTuna266,DeltaTuna266,ThetaTuna266,953ce411-77ea-4c7f-a4bb-b8e8c3e78477
267,OmegaTuna267,DeltaTuna267,ThetaTuna267,56dfbdfe-7e97-4c86-ae28-11a7414efa3d
268,OmegaTuna268,DeltaTuna268,ThetaTuna268,ec36edc6-44ee-4bdb-a78b-0eb8d48f13e0
269,OmegaTuna269,DeltaTuna269,ThetaTuna269,f20caf6f-4041-431f-af25-fea8c9eb9bef
270,OmegaTuna270,DeltaTuna270,ThetaTuna270,a111fa00-b546-4cec-9da2-5b4df8668fbc
271,OmegaTuna271,DeltaTuna271,ThetaTuna271,d57b8489-15b7-40da-baa9-a571352ad885
272,OmegaTuna272,DeltaTuna272,ThetaTuna272,01e43984-3d97-409a-9308-b76272592f9f
273,OmegaTuna273,DeltaTuna273,ThetaTuna273,8070ace9-f022-4357-af0a-e1c3951b7c13
274,OmegaTuna274,DeltaTuna274,ThetaTuna274,d58db8b7-9afc-4b0a-8624-48af450d0493
275,OmegaTuna275,DeltaTuna275,ThetaTuna275,b49e5fcb-5fdc-4607-a320-722c03d47cf2
276,OmegaTuna276,DeltaTuna276,ThetaTuna276,76c3d0e3-9004-4799-b71d-e7cb3b585ab0
277,OmegaTuna277,DeltaTuna277,ThetaTuna277,73f09478-533f-4476-8d73-af8f0a03dfed
278,OmegaTuna278,DeltaTuna278,ThetaTuna278,83696d55-6491-4494-952f-3e3b96520900
279,OmegaTuna279,DeltaTuna279,ThetaTuna279,505fd04c-059b-42b8-b278-a04d9222a8f9
280,OmegaTuna280,DeltaTuna280,ThetaTuna280,20e7b671-475e-4d88-8e54-c3c7deb1ac16
281,OmegaTuna281,DeltaTuna281,ThetaTuna281,3dc64c8a-305d-472e-b99a-a937d127b9f5
282,OmegaTuna282,DeltaTuna282,ThetaTuna282,c68bd356-ccf6-4ff0-a2c4-268e893aecfe
283,OmegaTuna283,DeltaTuna283,ThetaTuna283,baf73158-4138-4f77-9422-3f33eea1755d
284,OmegaTuna284,DeltaTuna284,ThetaTuna284,19675af1-8f81-4d85-8ef8-4c5e3ab22527
285,OmegaTuna285,DeltaTuna285,ThetaTuna285,85f65c0f-24aa-4c93-b459-d020d771e53b
286,OmegaTuna286,DeltaTuna286,ThetaTuna286,7a6fb061-d197-4fa4-86a8-9b1d2affb30c
287,OmegaTuna287,DeltaTuna287,ThetaTuna287,849f2836-ee8e-47f5-8bbe-86bfb62254de
288,OmegaTuna288,DeltaTuna288,ThetaTuna288,404190da-f1b1-458b-bb11-cca36681fbf9
289,OmegaTuna289,DeltaTuna289,ThetaTuna289,6cbe88ea-28d7-42e8-bd62-f08f657f0733
290,OmegaTuna290,DeltaTuna290,ThetaTuna290,75909f9d-258e-465e-bf09-3387c9adb10a
291,OmegaTuna291,DeltaTuna291,ThetaTuna291,c21e3805-f82a-4fea-a98b-3c4d68916286
292,OmegaTuna292,DeltaTuna292,ThetaTuna292,6cf2562e-6d4b-44b3-8328-210042b3ab0c
293,OmegaTuna293,DeltaTuna293,ThetaTuna293,7457bd2b-70ae-418b-afc4-6b9cae989aeb
294,OmegaTuna294,DeltaTuna294,ThetaTuna294,e03dbb01-9a3b-4d93-8662-a0265d95e721
295,OmegaTuna295,DeltaTuna295,ThetaTuna295,c0b04db2-4fa3-4a7e-9d08-8c3f58156204
296,OmegaTuna296,DeltaTuna296,ThetaTuna296,67191d3b-eda8-4c71-ac91-e6b6f2371853
297,OmegaTuna297,DeltaTuna297,ThetaTuna297,09f4e81a-d13e-4ddc-b7e0-4ee7e0c7ec74
298,OmegaTuna298,DeltaTuna298,ThetaTuna298,5352928a-84e6-49a7-8afa-55377bb1949a
299,OmegaTuna299,DeltaTuna299,ThetaTuna299,a7c0381d-d28b-498e-afea-6dec8ae2fe73
300,OmegaTuna300,DeltaTuna300,ThetaTuna300,7804bd70-3af9-4bd7-be48-282d62b5ae86
301,OmegaTuna301,DeltaTuna301,ThetaTuna301,1ce18768-e854-48c6-9342-e0ada31c8add
302,OmegaTuna302,DeltaTuna302,ThetaTuna302,27753de3-4cea-47f9-b828-693f5e451d68
303,OmegaTuna303,DeltaTuna303,ThetaTuna303,440b8238-f5e0-418b-9a9f-c1d20ab49f34
304,OmegaTuna304,DeltaTuna304,ThetaTuna304,a54461af-0536-4da4-810f-ebdcefe4e79b
305,OmegaTuna305,DeltaTuna305,ThetaTuna305,155d2a49-f40c-4007-b81e-8af304a215a4
306,OmegaTuna306,DeltaTuna306,ThetaTuna306,e51fe7f9-dcf1-4b17-aa07-a9bcbb37dee5
307,OmegaTuna307,DeltaTuna307,ThetaTuna307,fd4287fd-f1d8-4d63-a5d9-116622345dba
308,OmegaTuna308,DeltaTuna308,ThetaTuna308,48fe18de-7d39-492c-8bd4-f0cc82288a2c
309,OmegaTuna309,DeltaTuna309,ThetaTuna309,b2c64a72-e745-49e7-92ab-62338ec25ecc
310,OmegaTuna310,DeltaTuna310,ThetaTuna310,b7e02f6e-3508-4ace-8b6b-5f5729a267c9
311,OmegaTuna311,DeltaTuna311,ThetaTuna311,9dc1d9f6-94b6-4159-8e1a-61c3216cce58
312,OmegaTuna312,DeltaTuna312,ThetaTuna312,6c11b713-1560-4e74-b5a8-a7a91a2ff338
313,OmegaTuna313,DeltaTuna313,ThetaTuna313,c9b6d683-ad50-4689-9f1e-6d269b9a986a
314,OmegaTuna314,DeltaTuna314,ThetaTuna314,0afa8a2b-d925-4f72-a1d3-f443fe1a6629
315,OmegaTuna315,DeltaTuna315,ThetaTuna315,81c93212-4f59-498c-8f8e-e30d2f4d93f5
316,OmegaTuna316,DeltaTuna316,ThetaTuna316,150130bd-9d04-4546-8c88-702dca679a6f
317,OmegaTuna317,DeltaTuna317,ThetaTuna317,b5104280-5daf-49ae-ae61-db094c3519be
318,OmegaTuna318,DeltaTuna318,ThetaTuna318,a8d0ae0c-21d0-4563-be9a-0c7846550b21
319,OmegaTuna319,DeltaTuna319,ThetaTuna319,0e9e8436-a8f5-411b-9de4-04f555963a32
320,OmegaTuna320,DeltaTuna320,ThetaTuna320,e64c3815-657e-41fa-925e-84dd758fd53f
321,OmegaTuna321,DeltaTuna321,ThetaTuna321,2ae32ef8-5102-4532-a1ee-6f2f0a713c74
322,OmegaTuna322,DeltaTuna322,ThetaTuna322,e7c90ccb-d8b3-4f0f-9015-589ac5ee0359
323,OmegaTuna323,DeltaTuna323,ThetaTuna323,eb801387-853b-4cb6-97f5-e2002af97be3
324,OmegaTuna324,DeltaTuna324,ThetaTuna324,5e658e05-e72c-43c5-ab3a-e961f0d192d4
325,OmegaTuna325,DeltaTuna325,ThetaTuna325,d0a00ad2-700e-4198-913b-73cda102bc28
326,OmegaTuna326,DeltaTuna326,ThetaTuna326,2c726f55-49eb-4d60-a2c5-fabe95eab06f
327,OmegaTuna327,DeltaTuna327,ThetaTuna327,14f319c9-1bb9-47ec-b6bb-3bb509411b8b
328,OmegaTuna328,DeltaTuna328,ThetaTuna328,abbb3829-9be4-4265-9056-cae2626670b5
329,OmegaTuna329,DeltaTuna329,ThetaTuna329,ac11432e-9cfb-43b9-a05c-5ea830c6e775
330,OmegaTuna330,DeltaTuna330,ThetaTuna330,28d50bdc-dc7a-40af-8535-f8f3d13739ec
331,OmegaTuna331,DeltaTuna331,ThetaTuna331,9c597258-1edb-46a6-a812-b84504306c36
332,OmegaTuna332,DeltaTuna332,ThetaTuna332,c088bd41-311d-4481-b3e3-47b990d1e170
333,OmegaTuna333,DeltaTuna333,ThetaTuna333,f57ad673-f598-481c-966d-2cccb8ba3917
334,OmegaTuna334,DeltaTuna334,ThetaTuna334,9426958c-46d0-40ec-b417-b83500c03a12
335,OmegaTuna335,DeltaTuna335,ThetaTuna335,28789081-59d7-4a7c-bdc1-1e4efb07a8ff
336,OmegaTuna336,DeltaTuna336,ThetaTuna336,b7fd9353-24a9-498f-8a6e-9e8e845abfe2
337,OmegaTuna337,DeltaTuna337,ThetaTuna337,14e3626f-458c-4979-b619-c27ba7bd925b
338,OmegaTuna338,DeltaTuna338,ThetaTuna338,8a0123bd-1dbf-437d-a59e-07dbcba02980
339,OmegaTuna339,DeltaTuna339,ThetaTuna339,caecd853-9a47-4ae8-bc0c-f78f235031f7
340,OmegaTuna340,DeltaTuna340,ThetaTuna340,00bc6ec7-f009-43fd-ba5c-20a77ccac026
341,OmegaTuna341,DeltaTuna341,ThetaTuna341,04dc28be-c14a-4b1f-9ddd-729d9fb52c6d
342,OmegaTuna342,DeltaTuna342,ThetaTuna342,29a0d2b7-f75a-4012-933a-53cde7abcb60
343,OmegaTuna343,DeltaTuna343,ThetaTuna343,0d96470e-b953-4d78-b972-8c8294bfb3a2
344,OmegaTuna344,DeltaTuna344,ThetaTuna344,0eac7ec5-4351-48f4-b3bd-de9696195bdd
345,OmegaTuna345,DeltaTuna345,ThetaTuna345,6cdcb2c2-d4a6-4e2c-bae6-50808cb9bccb
346,OmegaTuna346,DeltaTuna346,ThetaTuna346,9eab1fbb-0823-48c2-ab60-37120479f591
347,OmegaTuna347,DeltaTuna347,ThetaTuna347,212f88eb-7d88-4c2e-9b34-6f2a6a264b00
348,OmegaTuna348,DeltaTuna348,ThetaTuna348,a01ea485-c93c-430a-ac6d-b935f2619705
349,OmegaTuna349,DeltaTuna349,ThetaTuna349,929fab51-f84f-4637-8a2b-21cb2436f568
350,OmegaTuna350,DeltaTuna350,ThetaTuna350,3a80d838-eb57-4898-8c41-2b179096573f
351,OmegaTuna351,DeltaTuna351,ThetaTuna351,68cb3c2d-c249-4aed-b7c0-6208cc4ee6a0
352,OmegaTuna352,DeltaTuna352,ThetaTuna352,74ddd8ed-3fa5-4dc8-aa48-a136abe0e356
353,OmegaTuna353,DeltaTuna353,ThetaTuna353,f22d93b0-4443-44f8-99ea-7ba1fa2b2971
354,OmegaTuna354,DeltaTuna354,ThetaTuna354,94b11e7c-31b8-4616-800e-51dd5fa148df
355,OmegaTuna355,DeltaTuna355,ThetaTuna355,dbe32294-db42-4118-966f-d3284e0fe5bf
356,OmegaTuna356,DeltaTuna356,ThetaTuna356,d3fac22f-96fe-4341-a5b0-cd751edcf764
357,OmegaTuna357,DeltaTuna357,ThetaTuna357,deac5130-c8f5-485d-a092-e8b48d5f0fdf
358,OmegaTuna358,DeltaTuna358,ThetaTuna358,911c5cc2-fb21-4665-baaf-3b6290f0b48b
359,OmegaTuna359,DeltaTuna359,ThetaTuna359,f6eaa80e-5e93-4ff6-aeb2-8375b14286cc
360,OmegaTuna360,DeltaTuna360,ThetaTuna360,597f9741-54a5-4db2-aab4-1a570b1c7b32
361,OmegaTuna361,DeltaTuna361,ThetaTuna361,e3e7cdc6-c4b1-4e14-a400-6769a8217428
362,OmegaTuna362,DeltaTuna362,ThetaTuna362,9fada16a-1793-4c41-807c-f3fd232c4891
363,OmegaTuna363,DeltaTuna363,ThetaTuna363,bd67d673-57ab-4bfc-ab80-c1d64eaef3ec
364,OmegaTuna364,DeltaTuna364,ThetaTuna364,cbc289ca-923d-4080-80d0-fee4c858d1d0
365,OmegaTuna365,DeltaTuna365,ThetaTuna365,7f305723-5532-4c7c-a40e-09fc31377b57
366,OmegaTuna366,DeltaTuna366,ThetaTuna366,173a051f-79f7-47d1-92b7-42ef81bfeba2
367,OmegaTuna367,DeltaTuna367,ThetaTuna367,7e7f9f48-b34d-40f6-9d74-316665b2ecab
368,OmegaTuna368,DeltaTuna368,ThetaTuna368,a504fcb6-4642-4737-baa8-46761ad8c81f
369,OmegaTuna369,DeltaTuna369,ThetaTuna369,406200e6-4aab-414a-9b23-1b4968f441aa
370,OmegaTuna370,DeltaTuna370,ThetaTuna370,d154eef4-71ac-4050-ac0b-4c4fdd6e7576
371,OmegaTuna371,DeltaTuna371,ThetaTuna371,f7927f05-37e2-43bf-b3c5-ad1fff57d83e
372,OmegaTuna372,DeltaTuna372,ThetaTuna372,1f3f461a-48f8-4ea0-b504-7d4434fdb041
373,OmegaTuna373,DeltaTuna373,ThetaTuna373,fb8c9a25-0e71-4e16-835b-5f50af25412f
374,OmegaTuna374,DeltaTuna374,ThetaTuna374,250720b8-f0ab-44d7-b467-7f745a762d5f
375,OmegaTuna375,DeltaTuna375,ThetaTuna375,332c7410-c9ae-4f2c-8a45-9f751d4339e3
376,OmegaTuna376,DeltaTuna376,ThetaTuna376,9064b4d4-369b-4555-b1b0-4f779918ce69
377,OmegaTuna377,DeltaTuna377,ThetaTuna377,86a4f932-548b-4961-90a2-d3750866387a
378,OmegaTuna378,DeltaTuna378,ThetaTuna378,72ed2dd6-22dd-4e57-860c-b5fc076b60b4
379,OmegaTuna379,DeltaTuna379,ThetaTuna379,68ccebbd-984f-4d86-a948-2bf1fdc978f3
380,OmegaTuna380,DeltaTuna380,ThetaTuna380,03eadbb1-7025-4256-b1c0-92d5d9f3a353
381,OmegaTuna381,DeltaTuna381,ThetaTuna381,560fe49c-7a28-4dfc-a6d0-946afa4f6adb
382,OmegaTuna382,DeltaTuna382,ThetaTuna382,18d15fff-079e-446e-ac86-3247771a60a5
383,OmegaTuna383,DeltaTuna383,ThetaTuna383,5b3fd8b6-3104-490f-930e-929a6fc55b97
384,OmegaTuna384,DeltaTuna384,ThetaTuna384,fef2ed62-e8ca-4597-a88c-79214440d9b3
385,OmegaTuna385,DeltaTuna385,ThetaTuna385,9ee477ca-9a3d-4471-a245-a9da17ab2011
386,OmegaTuna386,DeltaTuna386,ThetaTuna386,9a408f8a-dd38-4273-9827-27911bf50d6d
387,OmegaTuna387,DeltaTuna387,ThetaTuna387,ebbc1124-008e-4b71-ba5c-3a9efed68787
388,OmegaTuna388,DeltaTuna388,ThetaTuna388,210e713e-92b3-4e8b-bed6-fffd76a033ef
389,OmegaTuna389,DeltaTuna389,ThetaTuna389,45a40b57-7651-407e-b97e-dd8f5397b617
390,OmegaTuna390,DeltaTuna390,ThetaTuna390,5fbdad28-1ce7-406c-bf2b-4e0f2f0079aa
391,OmegaTuna391,DeltaTuna391,ThetaTuna391,74f5a31e-48f5-4095-8d0b-d757b6512068
392,OmegaTuna392,DeltaTuna392,ThetaTuna392,23186e40-e178-4ab3-be81-ccc992229d90
393,OmegaTuna393,DeltaTuna393,ThetaTuna393,c9612d57-cf49-4e20-87aa-c4e068ae28c5
394,OmegaTuna394,DeltaTuna394,ThetaTuna394,974fd1a8-7fed-4ae1-8271-72faf1570904
395,OmegaTuna395,DeltaTuna395,ThetaTuna395,11525478-b500-41a2-91a4-bd782f4f949b
396,OmegaTuna396,DeltaTuna396,ThetaTuna396,1fb08be4-8dc4-4675-9e14-e3994aa129bb
397,OmegaTuna397,DeltaTuna397,ThetaTuna397,6a4f20b8-389a-4990-a995-84b6e5a88ab7
398,OmegaTuna398,DeltaTuna398,ThetaTuna398,049f90d8-b90d-412a-bb03-fb62743a3020
399,OmegaTuna399,DeltaTuna399,ThetaTuna399,2cafe351-c8e5-4970-bd6a-b646d3ab055e
400,OmegaTuna400,DeltaTuna400,ThetaTuna400,1e8a7a48-9dd6-48fc-8da1-1c53512e9886
401,OmegaTuna401,DeltaTuna401,ThetaTuna401,da669b77-5f63-4cda-aab5-1bdf95304a35
402,OmegaTuna402,DeltaTuna402,ThetaTuna402,03ecbdf7-532c-4af4-9bf4-1ae120957ff1
403,OmegaTuna403,DeltaTuna403,ThetaTuna403,a4f10281-201e-45cd-b67f-0220747c0ca7
404,OmegaTuna404,DeltaTuna404,ThetaTuna404,c8bfc6c8-f833-4534-aebc-cfd466070fbc
405,OmegaTuna405,DeltaTuna405,ThetaTuna405,7a75d572-5f29-4d00-92d4-929ea067443f
406,OmegaTuna406,DeltaTuna406,ThetaTuna406,810b5840-d781-414d-a90c-66cf0ed5b17c
407,OmegaTuna407,DeltaTuna407,ThetaTuna407,bb58fead-ac07-4957-b8f0-e19a3eec3d7d
408,OmegaTuna408,DeltaTuna408,ThetaTuna408,6beb2a78-ad73-4bd5-8816-86cdd0195a56
409,OmegaTuna409,DeltaTuna409,ThetaTuna409,02bbeac7-2fd1-4365-b257-2455985a0ea3
410,OmegaTuna410,DeltaTuna410,ThetaTuna410,ba176c77-65fe-442f-a861-d74a619a2007
411,OmegaTuna411,DeltaTuna411,ThetaTuna411,7a12c686-3674-4583-a64d-947359ce602d
412,OmegaTuna412,DeltaTuna412,ThetaTuna412,4d939f9a-1c39-4488-9a66-233ce048db74
413,OmegaTuna413,DeltaTuna413,ThetaTuna413,dcde6795-c2b1-474e-8042-0712a322c84c
414,OmegaTuna414,DeltaTuna414,ThetaTuna414,6ea979cc-2d5e-4e76-8697-9998382ad4b2
415,OmegaTuna415,DeltaTuna415,ThetaTuna415,185c8e7e-2212-4d61-9caa-eec0980e315f
416,OmegaTuna416,DeltaTuna416,ThetaTuna416,9b3bf33b-0319-48d5-a600-4d783d9a9974
417,OmegaTuna417,DeltaTuna417,ThetaTuna417,003cf234-199c-4ea2-9bf0-a91bfb014711
418,OmegaTuna418,DeltaTuna418,ThetaTuna418,09596d33-8d62-4127-9585-16599f0d44bc
419,OmegaTuna419,DeltaTuna419,ThetaTuna419,552351e9-165b-42cc-a992-fde49cb065f6
420,OmegaTuna420,DeltaTuna420,ThetaTuna420,878aae48-e193-4eda-8123-5d42f822ed83
421,OmegaTuna421,DeltaTuna421,ThetaTuna421,4adcecb7-9a6b-4eb9-b51c-96da9c650715
422,OmegaTuna422,DeltaTuna422,ThetaTuna422,0109c2de-262e-4a7c-836f-a979879e6952
423,OmegaTuna423,DeltaTuna423,ThetaTuna423,2ca5eced-82ab-4f4b-9d63-3abc5a8ab778
424,OmegaTuna424,DeltaTuna424,ThetaTuna424,18a3c43f-edb9-4209-8dda-e9f906f5646a
425,OmegaTuna425,DeltaTuna425,ThetaTuna425,0342f2c1-43da-412d-96c7-64ffa9b9601b
426,OmegaTuna426,DeltaTuna426,ThetaTuna426,ab657b1a-bce6-46f1-8a4b-8d219ff81f5a
427,OmegaTuna427,DeltaTuna427,ThetaTuna427,2248ebcf-03cc-41d4-8f68-60e70900cbf9
428,OmegaTuna428,DeltaTuna428,ThetaTuna428,80338bc7-cb4c-4f09-ac05-5adebfc4c621
429,OmegaTuna429,DeltaTuna429,ThetaTuna429,70b30ff5-23a3-466d-bdbf-7f3923013d98
430,OmegaTuna430,DeltaTuna430,ThetaTuna430,abb6c8ad-1663-4d04-9c09-5192f19607c1
431,OmegaTuna431,DeltaTuna431,ThetaTuna431,f4b7ffd2-dc9f-430d-a644-668b79b401ca
432,OmegaTuna432,DeltaTuna432,ThetaTuna432,7ecfd54e-7027-41d2-a4d3-aacea883be3a
433,OmegaTuna433,DeltaTuna433,ThetaTuna433,60b3c407-3abd-4218-a70a-1c83849c28bd
434,OmegaTuna434,DeltaTuna434,ThetaTuna434,613f8b08-a6f3-49f2-bbb1-24c7e37fd614
435,OmegaTuna435,DeltaTuna435,ThetaTuna435,c66349ec-499a-42ec-9d57-2101a0f8ba53
436,OmegaTuna436,DeltaTuna436,ThetaTuna436,faced864-9593-4c24-9f29-a0201bfa9d18
437,OmegaTuna437,DeltaTuna437,ThetaTuna437,eae5d156-218c-4848-b259-e324fb766a85
438,OmegaTuna438,DeltaTuna438,ThetaTuna438,424c1048-b425-4b88-a611-6861c377df95
439,OmegaTuna439,DeltaTuna439,ThetaTuna439,f260b0a0-d567-43de-9138-43852c504108
440,OmegaTuna440,DeltaTuna440,ThetaTuna440,46efb210-791e-4740-a4dd-7db78729b94a
441,OmegaTuna441,DeltaTuna441,ThetaTuna441,7350d924-14e0-450d-9dec-0fe8bb7caaf5
442,OmegaTuna442,DeltaTuna442,ThetaTuna442,c80271b0-0961-4da3-849a-e8c3d90ddcf5
443,OmegaTuna443,DeltaTuna443,ThetaTuna443,a4ddf73d-290e-4687-8c64-baf393e2638e
444,OmegaTuna444,DeltaTuna444,ThetaTuna444,4acd30c3-83e9-434c-83d0-a0896552fc74
445,OmegaTuna445,DeltaTuna445,ThetaTuna445,4895579e-bc85-491a-bf71-ce73a03d3e0c
446,OmegaTuna446,DeltaTuna446,ThetaTuna446,5109a8dc-27eb-4614-a30e-206aec3649a9
447,OmegaTuna447,DeltaTuna447,ThetaTuna447,1d0bf627-1ea0-4b10-be8f-da57136d3a16
448,OmegaTuna448,DeltaTuna448,ThetaTuna448,dd7dd51d-6e3d-45cb-b3cc-7eafd02a522c
449,OmegaTuna449,DeltaTuna449,ThetaTuna449,7a81fb38-4797-4b83-b8b5-53a39ee2ae23
450,OmegaTuna450,DeltaTuna450,ThetaTuna450,0744a534-878d-418e-89fa-b7c7e1266976
451,OmegaTuna451,DeltaTuna451,ThetaTuna451,284fc80a-6aec-49aa-93b4-a4af65177c4b
452,OmegaTuna452,DeltaTuna452,ThetaTuna452,527b654d-21f4-415f-8291-4bf579528474
453,OmegaTuna453,DeltaTuna453,ThetaTuna453,f731b72b-f9cf-490d-a242-5f6bf25a40ba
454,OmegaTuna454,DeltaTuna454,ThetaTuna454,74cf3e71-9b65-4b8b-bb1e-29e401fd6555
455,OmegaTuna455,DeltaTuna455,ThetaTuna455,78b9cab9-76e2-497d-8715-03e71fab611c
456,OmegaTuna456,DeltaTuna456,ThetaTuna456,2526edf0-839f-4442-b222-51faa52f636e
457,OmegaTuna457,DeltaTuna457,ThetaTuna457,82f45368-d16b-44c7-a410-6d88a925cc56
458,OmegaTuna458,DeltaTuna458,ThetaTuna458,e904e225-06e5-450e-98d7-7aa890950ad8
459,OmegaTuna459,DeltaTuna459,ThetaTuna459,b7a18b39-b541-470e-99f7-d252cee1c0c2
460,OmegaTuna460,DeltaTuna460,ThetaTuna460,d90a77b4-3038-42db-91b7-725d15cf6a2c
461,OmegaTuna461,DeltaTuna461,ThetaTuna461,a7f4e58d-49fb-4bbd-863a-c96bb9f529bb
462,OmegaTuna462,DeltaTuna462,ThetaTuna462,abc8eb2d-e1a1-42c5-b981-33ad30d1617d
463,OmegaTuna463,DeltaTuna463,ThetaTuna463,920acce1-bf81-4c61-b596-03c8d86b478c
464,OmegaTuna464,DeltaTuna464,ThetaTuna464,862f7fc4-ac6a-44a8-aa4f-0bb5695082c0
465,OmegaTuna465,DeltaTuna465,ThetaTuna465,c30e75f0-74e6-4199-8290-f06ca1324676
466,OmegaTuna466,DeltaTuna466,ThetaTuna466,6b10d623-fe4f-4543-93ea-7dcddc6f70cb
467,OmegaTuna467,DeltaTuna467,ThetaTuna467,7452770e-dcd7-4886-a9c3-3c6c6084dc0d
468,OmegaTuna468,DeltaTuna468,ThetaTuna468,99d0249a-49ad-4bb3-8017-922434325ae3
469,OmegaTuna469,DeltaTuna469,ThetaTuna469,f0ca8100-9de6-43d6-ba0f-08b04ed1241d
470,OmegaTuna470,DeltaTuna470,ThetaTuna470,35c20143-29df-44d9-9de3-8b3132dc4b4a
471,OmegaTuna471,DeltaTuna471,ThetaTuna471,21fe0220-0620-4b66-a3d3-9f0342063008
472,OmegaTuna472,DeltaTuna472,ThetaTuna472,547e82e9-cdf1-46d1-9bf6-36f3f1f562ec
473,OmegaTuna473,DeltaTuna473,ThetaTuna473,3cad6986-f654-4860-bd42-c36496f3042e
474,OmegaTuna474,DeltaTuna474,ThetaTuna474,221dedbe-710c-4b61-a1da-b5ec53f7cefa
475,OmegaTuna475,DeltaTuna475,ThetaTuna475,c2f3b941-e89c-4d4f-b329-e336d32b2b31
476,OmegaTuna476,DeltaTuna476,ThetaTuna476,78a73d87-0f02-4bef-ac86-34da496bf348
477,OmegaTuna477,DeltaTuna477,ThetaTuna477,15af18e1-8a25-47d5-824a-088921a1a29f
478,OmegaTuna478,DeltaTuna478,ThetaTuna478,7ee8dff3-8f22-46cb-af27-b3873860b4a6
479,OmegaTuna479,DeltaTuna479,ThetaTuna479,776c67a8-c0b8-4f4a-a260-7227d0c301b9
480,OmegaTuna480,DeltaTuna480,ThetaTuna480,63706e37-88f1-42a6-8a11-d2c965c7bdf0
481,OmegaTuna481,DeltaTuna481,ThetaTuna481,dc729f26-80cb-42ff-abb4-db463d289517
482,OmegaTuna482,DeltaTuna482,ThetaTuna482,7abd1c73-7446-4f8d-8153-b81cebba18e8
483,OmegaTuna483,DeltaTuna483,ThetaTuna483,c26360a0-e119-402c-a1ce-89753d5621ae
484,OmegaTuna484,DeltaTuna484,ThetaTuna484,e8b5a3e0-38c7-42ec-b426-0794842751c8
485,OmegaTuna485,DeltaTuna485,ThetaTuna485,65386d82-741b-4f8e-bad2-073bf5591b1d
486,OmegaTuna486,DeltaTuna486,ThetaTuna486,90c8ac87-5b4d-4aa4-8f45-7f6603292e12
487,OmegaTuna487,DeltaTuna487,ThetaTuna487,15a625b7-1466-4097-81cf-a7ded2ac2304
488,OmegaTuna488,DeltaTuna488,ThetaTuna488,efb331f5-2fbc-471d-9242-12339e5bdc6d
489,OmegaTuna489,DeltaTuna489,ThetaTuna489,87eda64b-d0e6-4248-a8c6-fbd3ab82d1ac
490,OmegaTuna490,DeltaTuna490,ThetaTuna490,0696081c-af03-46c7-8c83-07608f421880
491,OmegaTuna491,DeltaTuna491,ThetaTuna491,a68eb5cf-e3d1-4b53-a2d7-d65efa816653
492,OmegaTuna492,DeltaTuna492,ThetaTuna492,2f4cd044-a71f-4a5f-9125-44f87482c29f
493,OmegaTuna493,DeltaTuna493,ThetaTuna493,31653023-a7d2-4d29-8f51-be11ff58b5eb
494,OmegaTuna494,DeltaTuna494,ThetaTuna494,b3eaa0cd-dbd9-4f1a-8418-fe46b00fd53d
495,OmegaTuna495,DeltaTuna495,ThetaTuna495,eae11794-5487-4840-aeb5-8c7ae7b149a9
496,OmegaTuna496,DeltaTuna496,ThetaTuna496,4a573627-beed-447a-b7b5-7cb1772680fd
497,OmegaTuna497,DeltaTuna497,ThetaTuna497,c84c1abf-ec04-4d7f-99b2-2c843cd64d44
498,OmegaTuna498,DeltaTuna498,ThetaTuna498,88482c65-8dd0-45a5-86a0-1e9cf7aa0e2d
499,OmegaTuna499,DeltaTuna499,ThetaTuna499,6195e1ec-c195-44a7-bc65-a71419706485
500,OmegaTuna500,DeltaTuna500,ThetaTuna500,3873f766-cbbe-4e94-ac40-bc4b8281234d
501,OmegaTuna501,DeltaTuna501,ThetaTuna501,bd661891-5341-4495-8f06-66a047498f32
502,OmegaTuna502,DeltaTuna502,ThetaTuna502,860903b2-a301-4988-8219-15e751515d15
503,OmegaTuna503,DeltaTuna503,ThetaTuna503,ec38a86d-a426-4211-b976-0adff4904c3b
504,OmegaTuna504,DeltaTuna504,ThetaTuna504,9ec9b27f-7a95-4be1-9bec-8cd7ef86fe86
505,OmegaTuna505,DeltaTuna505,ThetaTuna505,6ddadc4a-f65d-41bd-9ebb-661c47081ee3
506,OmegaTuna506,DeltaTuna506,ThetaTuna506,95934ea0-96ed-4590-9204-bd139312f1a1
507,OmegaTuna507,DeltaTuna507,ThetaTuna507,43522675-9669-46e5-8450-9a2a4e665d86
508,OmegaTuna508,DeltaTuna508,ThetaTuna508,9e196bba-8420-4c2b-91bb-736b2a94554f
509,OmegaTuna509,DeltaTuna509,ThetaTuna509,76a32ab2-867f-4618-9ad7-67bc629a8219
510,OmegaTuna510,DeltaTuna510,ThetaTuna510,29139f41-45c7-4872-ba9e-6a76dbbad60e
511,OmegaTuna511,DeltaTuna511,ThetaTuna511,cc7bff73-c3e0-467c-98f6-a584f2b66ddc
512,OmegaTuna512,DeltaTuna512,ThetaTuna512,6068feb1-24db-45fb-8241-ca640aaec06b
513,OmegaTuna513,DeltaTuna513,ThetaTuna513,83e196fc-2c7c-4de3-ab3c-842c424480eb
514,OmegaTuna514,DeltaTuna514,ThetaTuna514,a013be63-0c3d-40c4-b6d6-eb809836b180
515,OmegaTuna515,DeltaTuna515,ThetaTuna515,3e1e1938-b070-4fea-ac41-fed1b105d1aa
516,OmegaTuna516,DeltaTuna516,ThetaTuna516,3a18e5b8-c5ac-4d27-99c1-f7fcf8b265be
517,OmegaTuna517,DeltaTuna517,ThetaTuna517,d0085676-e4e6-4d49-af61-a75f72d3d743
518,OmegaTuna518,DeltaTuna518,ThetaTuna518,bd847530-b5ff-44b1-8586-468852cda744
519,OmegaTuna519,DeltaTuna519,ThetaTuna519,d7e667fa-b573-46ee-91fe-3cce8916fbbd
520,OmegaTuna520,DeltaTuna520,ThetaTuna520,6ea5f21a-6e54-4e71-b179-a3b857f58611
521,OmegaTuna521,DeltaTuna521,ThetaTuna521,48a5206e-5bc3-4334-9963-62761995416e
522,OmegaTuna522,DeltaTuna522,ThetaTuna522,e531a454-65a1-4ac5-a641-2693ff5a31d8
523,OmegaTuna523,DeltaTuna523,ThetaTuna523,b42f6e09-7154-4ee6-88fa-5b8dd20106da
524,OmegaTuna524,DeltaTuna524,ThetaTuna524,9c115610-1c44-47e4-b284-2c1ad1cf9198
525,OmegaTuna525,DeltaTuna525,ThetaTuna525,95eda948-ca2c-4c4a-9fc8-1439fb188d0b
526,OmegaTuna526,DeltaTuna526,ThetaTuna526,6da7fb4b-886d-4243-ad6d-900be914fec8
527,OmegaTuna527,DeltaTuna527,ThetaTuna527,2318f0a8-5e79-46cf-9d61-9aa3af95c9ed
528,OmegaTuna528,DeltaTuna528,ThetaTuna528,da1b688b-ce4f-48a2-8a8f-650f65ee9b2e
529,OmegaTuna529,DeltaTuna529,ThetaTuna529,442f0959-14a6-462c-8901-e76b06d02981
530,OmegaTuna530,DeltaTuna530,ThetaTuna530,10b84987-f696-4aff-bc6c-a91fcb544406
531,OmegaTuna531,DeltaTuna531,ThetaTuna531,80d8b177-387b-439f-89b9-407f3b1fc583
532,OmegaTuna532,DeltaTuna532,ThetaTuna532,b350b1b9-fd18-4204-9213-05b2db9f9385
533,OmegaTuna533,DeltaTuna533,ThetaTuna533,0c51ff86-f9e9-496b-8fd8-6dde5ecd04d7
534,OmegaTuna534,DeltaTuna534,ThetaTuna534,46bda54c-c566-456d-a66a-7adea4dbc3c3
535,OmegaTuna535,DeltaTuna535,ThetaTuna535,5e3c17d5-0a45-4ae0-bfeb-7c6cc3782fde
536,OmegaTuna536,DeltaTuna536,ThetaTuna536,00ed94d6-38b8-437c-8cfb-d47e2bb14d8f
537,OmegaTuna537,DeltaTuna537,ThetaTuna537,b8cc26d0-17de-4038-97cb-d074c18262f1
538,OmegaTuna538,DeltaTuna538,ThetaTuna538,4fc2c5e6-e565-4242-8202-2c91b9778f3a
539,OmegaTuna539,DeltaTuna539,ThetaTuna539,3e412aff-0724-42b5-b887-b39f7d9cddd5
540,OmegaTuna540,DeltaTuna540,ThetaTuna540,bd97506a-6ca6-4472-a855-46daf3208ef6
541,OmegaTuna541,DeltaTuna541,ThetaTuna541,a0032498-b539-4b64-9462-3872dc904eb7
542,OmegaTuna542,DeltaTuna542,ThetaTuna542,dc7c0c2d-d690-49ca-9c46-818c0d1011d8
543,OmegaTuna543,DeltaTuna543,ThetaTuna543,3b840ece-f9b5-4fa8-b326-aeca64a15648
544,OmegaTuna544,DeltaTuna544,ThetaTuna544,62af7dd9-6933-4345-8e1e-97c8265b03d2
545,OmegaTuna545,DeltaTuna545,ThetaTuna545,3716ab8e-1957-4405-9498-5e332a574c90
546,OmegaTuna546,DeltaTuna546,ThetaTuna546,d1ed9cc8-7f99-4ab9-b2d1-0b9ac1172fc2
547,OmegaTuna547,DeltaTuna547,ThetaTuna547,bce7f9b7-05d8-4916-adc9-4d1369d71f8c
548,OmegaTuna548,DeltaTuna548,ThetaTuna548,113cc7b7-f3ac-4797-901b-8b71e34f75b7
549,OmegaTuna549,DeltaTuna549,ThetaTuna549,03583a46-36fc-4309-9749-439cd9d061af
550,OmegaTuna550,DeltaTuna550,ThetaTuna550,b84e210d-0ed6-4c5c-ace8-f1c6866a92c4
551,OmegaTuna551,DeltaTuna551,ThetaTuna551,e751ea99-1e75-43ce-ad87-e6415cf7a1ba
552,OmegaTuna552,DeltaTuna552,ThetaTuna552,21bcd5d5-b7fd-4224-bdb8-7dbe0db44483
553,OmegaTuna553,DeltaTuna553,ThetaTuna553,6a4244fc-138d-4cba-b55e-9ff9adc4c75b
554,OmegaTuna554,DeltaTuna554,ThetaTuna554,1019b9e9-bfc9-4125-af5d-ef9dd1bc0d45
555,OmegaTuna555,DeltaTuna555,ThetaTuna555,f1c57176-6536-4720-8d17-3d603b596961
556,OmegaTuna556,DeltaTuna556,ThetaTuna556,aa90e00b-e593-44b6-af26-4f6c6a17d33e
557,OmegaTuna557,DeltaTuna557,ThetaTuna557,48416043-5e15-4e88-82a3-c4112359c65e
558,OmegaTuna558,DeltaTuna558,ThetaTuna558,107eefe8-53bb-405e-9ed5-a3ed8c4f1a9b
559,OmegaTuna559,DeltaTuna559,ThetaTuna559,ffb6375b-cb06-41bd-8e5c-28247e7eba16
560,OmegaTuna560,DeltaTuna560,ThetaTuna560,92a84432-3798-492e-8c47-cfc90ee1e33c
561,OmegaTuna561,DeltaTuna561,ThetaTuna561,7415f57c-4705-403e-976d-2fe8970f8fcc
562,OmegaTuna562,DeltaTuna562,ThetaTuna562,9a06fe1b-fcf1-4212-90a9-1266484880eb
563,OmegaTuna563,DeltaTuna563,ThetaTuna563,fb83b9f7-cd92-49e7-9e23-e5c67d19820c
564,OmegaTuna564,DeltaTuna564,ThetaTuna564,997ca90f-78a3-440b-8b2e-ef4021b6ab75
565,OmegaTuna565,DeltaTuna565,ThetaTuna565,5711418d-3058-4a23-97c3-1b84422daf02
566,OmegaTuna566,DeltaTuna566,ThetaTuna566,29d81152-2a8d-422a-842d-befc91aa3d60
567,OmegaTuna567,DeltaTuna567,ThetaTuna567,c7c6ad12-94ba-4411-b44a-ee91a12b733c
568,OmegaTuna568,DeltaTuna568,ThetaTuna568,c63dd471-28c3-44ce-b64a-ac08f2c248bf
569,OmegaTuna569,DeltaTuna569,ThetaTuna569,0abd941d-b8a9-4420-80c1-a106780f5ce4
570,OmegaTuna570,DeltaTuna570,ThetaTuna570,60dacd84-2228-4209-9a41-d3097eba5122
571,OmegaTuna571,DeltaTuna571,ThetaTuna571,ad690fbd-4d36-4b3d-be9b-4a6570e6eb81
572,OmegaTuna572,DeltaTuna572,ThetaTuna572,9e65ebfd-5ebb-4c89-a632-d87112c6086e
573,OmegaTuna573,DeltaTuna573,ThetaTuna573,4defb4c5-a86c-4393-b59b-dd847e25a63a
574,OmegaTuna574,DeltaTuna574,ThetaTuna574,a20bfab3-57bb-4889-8ae1-1835dc60b71d
575,OmegaTuna575,DeltaTuna575,ThetaTuna575,46130ec8-528c-43a0-bbca-8d68dfc90bf9
576,OmegaTuna576,DeltaTuna576,ThetaTuna576,ffd7f12a-8ea7-49a7-b24f-589bed73c812
577,OmegaTuna577,DeltaTuna577,ThetaTuna577,2b7827a7-9619-4bf4-a71c-d5b31066bb9a
578,OmegaTuna578,DeltaTuna578,ThetaTuna578,ab8ea895-0906-474f-9032-987326b9eaf1
579,OmegaTuna579,DeltaTuna579,ThetaTuna579,5d4bcd49-673c-4a79-9edd-d73f7b86677f
580,OmegaTuna580,DeltaTuna580,ThetaTuna580,b8a41048-73ef-4827-9e0c-d1999cbc9160
581,OmegaTuna581,DeltaTuna581,ThetaTuna581,ad286d42-a5b6-4c27-9e7c-dc6195cdec83
582,OmegaTuna582,DeltaTuna582,ThetaTuna582,993e45bd-3e54-4de7-8359-a2de0c4a8f0d
583,OmegaTuna583,DeltaTuna583,ThetaTuna583,8eff23d7-4216-4eca-8984-441c19a60e88
584,OmegaTuna584,DeltaTuna584,ThetaTuna584,26d5643a-efc2-402d-80cc-0ca5cfff4b04
585,OmegaTuna585,DeltaTuna585,ThetaTuna585,21063eaa-ea9f-4fc0-82e3-167c048cc7f4
586,OmegaTuna586,DeltaTuna586,ThetaTuna586,7a1f15a2-b38a-4f68-b7cb-0a4b8d251eef
587,OmegaTuna587,DeltaTuna587,ThetaTuna587,b912ed07-23b4-4aba-a173-b0c95a501cc3
588,OmegaTuna588,DeltaTuna588,ThetaTuna588,a03183a6-c0c0-4741-a0dd-decdcf2035e0
589,OmegaTuna589,DeltaTuna589,ThetaTuna589,e68d005f-e70f-4f4a-aff9-d02b07ab0cde
590,OmegaTuna590,DeltaTuna590,ThetaTuna590,1a12d2fd-b7b8-40f9-893f-57954a4628f8
591,OmegaTuna591,DeltaTuna591,ThetaTuna591,6dca27f2-a2bb-4f43-bb48-9cc15ee84dd6
592,OmegaTuna592,DeltaTuna592,ThetaTuna592,9f5445b7-60e0-4917-b4e5-7f8d39119950
593,OmegaTuna593,DeltaTuna593,ThetaTuna593,5be79d23-06e2-453a-97cc-eb674192a6fd
594,OmegaTuna594,DeltaTuna594,ThetaTuna594,5c33ce9b-a544-4ba0-81d0-381e5325849f
595,OmegaTuna595,DeltaTuna595,ThetaTuna595,1f68d21f-ee15-429d-8eb9-f2674e7bd6d7
596,OmegaTuna596,DeltaTuna596,ThetaTuna596,8f1a734d-4c9d-40b7-acc9-732051a3040b
597,OmegaTuna597,DeltaTuna597,ThetaTuna597,3c7dd4c8-8ec6-4fc5-9e88-b79fc6c0c564
598,OmegaTuna598,DeltaTuna598,ThetaTuna598,4eac663a-1c7a-4d21-9e2c-1f9422d9c70f
599,OmegaTuna599,DeltaTuna599,ThetaTuna599,d2939229-8a17-433c-9d5a-7ad9142db0b2
600,OmegaTuna600,DeltaTuna600,ThetaTuna600,82cb81e8-eb23-4a3e-8e3a-d94737bdcde9
601,OmegaTuna601,DeltaTuna601,ThetaTuna601,562b32c2-6b10-4f33-9675-b3ab50e31586
602,OmegaTuna602,DeltaTuna602,ThetaTuna602,e505eb3a-e8bc-42d7-8cbc-b8a05722691c
603,OmegaTuna603,DeltaTuna603,ThetaTuna603,6e802828-bd84-4c70-a823-459269766707
604,OmegaTuna604,DeltaTuna604,ThetaTuna604,9fb24683-7ace-4033-ac9a-39b838d4bbc8
605,OmegaTuna605,DeltaTuna605,ThetaTuna605,af0739db-cc52-4cb7-b781-a0fbb53d7788
606,OmegaTuna606,DeltaTuna606,ThetaTuna606,6513e682-aa0d-4781-9dc5-cb0144919ad4
607,OmegaTuna607,DeltaTuna607,ThetaTuna607,2045d2c7-90ce-4707-86b9-96fbc5b7ed8b
608,OmegaTuna608,DeltaTuna608,ThetaTuna608,5de3187d-c5db-4034-a8f6-e9e1ac275023
609,OmegaTuna609,DeltaTuna609,ThetaTuna609,50810cc3-d2e4-42ed-9789-4c494ae250c2
610,OmegaTuna610,DeltaTuna610,ThetaTuna610,7f2e5151-bbaa-4053-967b-862dd7673df4
611,OmegaTuna611,DeltaTuna611,ThetaTuna611,cc588530-54a2-46f8-b1ac-3360d033474c
612,OmegaTuna612,DeltaTuna612,ThetaTuna612,578e7f3e-db8a-43a7-8e41-871c3dbc6af0
613,OmegaTuna613,DeltaTuna613,ThetaTuna613,5e61ce6f-d557-49fc-bda5-babeaa7a3227
614,OmegaTuna614,DeltaTuna614,ThetaTuna614,7e4d7880-9654-463f-9e99-1460a121f819
615,OmegaTuna615,DeltaTuna615,ThetaTuna615,487ac483-5821-4b7e-8b69-da8cec8f5185
616,OmegaTuna616,DeltaTuna616,ThetaTuna616,23314c01-6e3b-4463-962b-38936d24d086
617,OmegaTuna617,DeltaTuna617,ThetaTuna617,94c170e6-807d-4eae-a2da-ce53ba76da5f
618,OmegaTuna618,DeltaTuna618,ThetaTuna618,34a86935-23d6-47ee-89ed-837560694236
619,OmegaTuna619,DeltaTuna619,ThetaTuna619,f484e491-7eba-451b-bfe8-17c7761ea491
620,OmegaTuna620,DeltaTuna620,ThetaTuna620,e232ce2a-e678-4019-bf96-40bfd46c3c4e
621,OmegaTuna621,DeltaTuna621,ThetaTuna621,5e19b1b8-f6d9-4420-a79a-898b071e6117
622,OmegaTuna622,DeltaTuna622,ThetaTuna622,74fc3abf-3536-4328-a808-acade243cf22
623,OmegaTuna623,DeltaTuna623,ThetaTuna623,4ec2c2a9-efad-43b0-ae7c-4bba9d7beb1e
624,OmegaTuna624,DeltaTuna624,ThetaTuna624,7f7c84d8-8bed-47bb-8a88-ff895402a3d9
625,OmegaTuna625,DeltaTuna625,ThetaTuna625,b88666d5-c833-40e4-a752-73bc63c3444c
626,OmegaTuna626,DeltaTuna626,ThetaTuna626,86d57dcb-1600-45b9-bf53-2ed92723b454
627,OmegaTuna627,DeltaTuna627,ThetaTuna627,9b923a2e-7d07-40f1-bc27-9e02287898f8
628,OmegaTuna628,DeltaTuna628,ThetaTuna628,218ede66-4695-4fbb-a7c7-b91233f122c3
629,OmegaTuna629,DeltaTuna629,ThetaTuna629,d126fb0d-712f-43ee-9c69-23979c13c266
630,OmegaTuna630,DeltaTuna630,ThetaTuna630,84e1a02d-ff6c-4f0e-8e2a-f0d55d5362f7
631,OmegaTuna631,DeltaTuna631,ThetaTuna631,05aa1a3c-8cbf-434b-83cd-ea10e69137f7
632,OmegaTuna632,DeltaTuna632,ThetaTuna632,3a087445-4fe5-42f0-96ff-060644ee79c0
633,OmegaTuna633,DeltaTuna633,ThetaTuna633,8bf5ec22-91c7-478a-afec-0f25ef10ed50
634,OmegaTuna634,DeltaTuna634,ThetaTuna634,52a31059-121a-4b04-a3b8-a552432e7a32
635,OmegaTuna635,DeltaTuna635,ThetaTuna635,a60e93f4-9b30-4fe7-b378-f948376bb0a1
636,OmegaTuna636,DeltaTuna636,ThetaTuna636,00030d0e-03ca-4b02-af45-84f1d87aa437
637,OmegaTuna637,DeltaTuna637,ThetaTuna637,40a07378-19ba-4ea1-a944-5ee15de46301
638,OmegaTuna638,DeltaTuna638,ThetaTuna638,ce27335e-9f9c-4bbb-94bf-bf6dcc94fa0d
639,OmegaTuna639,DeltaTuna639,ThetaTuna639,8e39caaf-26eb-4120-9f35-b5a034cc1cb0
640,OmegaTuna640,DeltaTuna640,ThetaTuna640,d609b79d-822f-4430-9e5c-dcc7299ddcc2
641,OmegaTuna641,DeltaTuna641,ThetaTuna641,b41f4281-de79-4a7b-adbd-33f6abcbbcb7
642,OmegaTuna642,DeltaTuna642,ThetaTuna642,feb5c57e-f01a-4e48-8a12-016ace417741
643,OmegaTuna643,DeltaTuna643,ThetaTuna643,4671d7fc-bd71-4361-a243-033dd0a468ee
644,OmegaTuna644,DeltaTuna644,ThetaTuna644,006c6472-5955-4eef-a1fa-5a74ed4e454c
645,OmegaTuna645,DeltaTuna645,ThetaTuna645,9a3f33c8-b1de-4889-9792-c1c13afbbcf0
646,OmegaTuna646,DeltaTuna646,ThetaTuna646,c3c8fdcd-9161-496d-9bcd-a775cf648ed5
647,OmegaTuna647,DeltaTuna647,ThetaTuna647,ec377f2c-baf1-42dd-9b6d-78255f01ede6
648,OmegaTuna648,DeltaTuna648,ThetaTuna648,9f293430-4750-4133-af46-5e89166032ad
649,OmegaTuna649,DeltaTuna649,ThetaTuna649,9433edc5-fbee-4cd5-8796-e7461f0523f1
650,OmegaTuna650,DeltaTuna650,ThetaTuna650,b610118a-537a-4dc9-b6ba-331f0b082697
651,OmegaTuna651,DeltaTuna651,ThetaTuna651,76339a31-6eff-44c2-a378-0466ee4b234d
652,OmegaTuna652,DeltaTuna652,ThetaTuna652,b087a3ef-2377-4473-9e98-1fba266ea245
653,OmegaTuna653,DeltaTuna653,ThetaTuna653,878875f0-9339-43ae-ac77-cc69b1797146
654,OmegaTuna654,DeltaTuna654,ThetaTuna654,8603c89d-51a7-4b23-adf7-6c9a8fccec4d
655,OmegaTuna655,DeltaTuna655,ThetaTuna655,8a85fb53-a3f7-4229-b69f-a98afbba01ef
656,OmegaTuna656,DeltaTuna656,ThetaTuna656,d28667c4-ead7-4bf1-8c5d-4d31b24ea8ef
657,OmegaTuna657,DeltaTuna657,ThetaTuna657,f2f313fe-6aa8-43d8-b29b-e9b748d5fa79
658,OmegaTuna658,DeltaTuna658,ThetaTuna658,dbc2f93a-c3b7-44be-9f5e-e216d6ca790f
659,OmegaTuna659,DeltaTuna659,ThetaTuna659,a3367822-dc60-4157-968a-63925c2ac611
660,OmegaTuna660,DeltaTuna660,ThetaTuna660,ce50331f-4307-4441-9395-4d6299fd3347
661,OmegaTuna661,DeltaTuna661,ThetaTuna661,acd244a4-2856-4186-87d6-8e6e6d101389
662,OmegaTuna662,DeltaTuna662,ThetaTuna662,6a5287a7-5aef-42a7-875f-458bdc8fd0cb
663,OmegaTuna663,DeltaTuna663,ThetaTuna663,73824436-3bc4-49a5-9576-47e0b24f4b82
664,OmegaTuna664,DeltaTuna664,ThetaTuna664,89222968-9d0a-4796-ae59-8af472328f91
665,OmegaTuna665,DeltaTuna665,ThetaTuna665,ad21724c-4b1c-437c-abfc-789760364edc
666,OmegaTuna666,DeltaTuna666,ThetaTuna666,a7697604-ec6d-4f0d-9baa-3cc965e73d1a
667,OmegaTuna667,DeltaTuna667,ThetaTuna667,46e0c7c1-02b0-45d8-8009-00ce9dbbeb99
668,OmegaTuna668,DeltaTuna668,ThetaTuna668,3bc3ab6a-33fb-4ad0-aaf3-fbf6146f5f92
669,OmegaTuna669,DeltaTuna669,ThetaTuna669,0171b88e-655f-4cbc-ba3e-93fac9abb853
670,OmegaTuna670,DeltaTuna670,ThetaTuna670,526d8078-285a-42c3-8b62-9cd7b4e66cb4
671,OmegaTuna671,DeltaTuna671,ThetaTuna671,55893498-a307-435e-bb5f-c91f8626a10e
672,OmegaTuna672,DeltaTuna672,ThetaTuna672,437b28ac-2eb0-497d-a5b6-cb497ca49f5e
673,OmegaTuna673,DeltaTuna673,ThetaTuna673,29a3ec5d-aed9-4ea3-ba2d-fbcce00aea2e
674,OmegaTuna674,DeltaTuna674,ThetaTuna674,bbeffed9-410a-4a1c-8b7a-1e4c4a306788
675,OmegaTuna675,DeltaTuna675,ThetaTuna675,0175dd58-c935-47ba-b99e-9665e27f8fb9
676,OmegaTuna676,DeltaTuna676,ThetaTuna676,de22827b-a12b-49fb-b80a-a3336fabfa3b
677,OmegaTuna677,DeltaTuna677,ThetaTuna677,be1e1eb1-980d-429e-ad17-5343199b6cb3
678,OmegaTuna678,DeltaTuna678,ThetaTuna678,8519e8fd-5e0c-4d5a-a887-6b9234a6f187
679,OmegaTuna679,DeltaTuna679,ThetaTuna679,abbf7e55-a591-4c2c-b7a3-ea3a25c499fb
680,OmegaTuna680,DeltaTuna680,ThetaTuna680,f41d4d66-bd7d-42a2-a784-6e4cc7da9fa4
681,OmegaTuna681,DeltaTuna681,ThetaTuna681,d977c397-2648-40b4-a3be-8d2f3f6a615c
682,OmegaTuna682,DeltaTuna682,ThetaTuna682,d6b9b64b-6f90-4e86-a52c-ad8306a3fd5f
683,OmegaTuna683,DeltaTuna683,ThetaTuna683,02bd2fbe-4a2f-47fb-9624-858eddad9921
684,OmegaTuna684,DeltaTuna684,ThetaTuna684,9026fa7f-ef5e-41c1-8638-8af8063c79a0
685,OmegaTuna685,DeltaTuna685,ThetaTuna685,c8bc8014-14c0-4ca7-aa3a-992ab36641f8
686,OmegaTuna686,DeltaTuna686,ThetaTuna686,72f8d719-2e67-4a92-8bde-d2881fc8d525
687,OmegaTuna687,DeltaTuna687,ThetaTuna687,44b5ae6d-14fa-432a-987a-e8fdbf6aa908
688,OmegaTuna688,DeltaTuna688,ThetaTuna688,5bdc20e8-72c4-4d70-b733-f3b300e126eb
689,OmegaTuna689,DeltaTuna689,ThetaTuna689,c5db5bda-8c1b-4b54-805d-f506ebf47224
690,OmegaTuna690,DeltaTuna690,ThetaTuna690,b1c189b2-9d0b-4c49-bb59-7076fe78c56c
691,OmegaTuna691,DeltaTuna691,ThetaTuna691,1d0b8ef6-d3a4-4826-9b5f-6262a6b7c6ef
692,OmegaTuna692,DeltaTuna692,ThetaTuna692,ec20e57a-348b-455d-bcef-d5c195c309da
693,OmegaTuna693,DeltaTuna693,ThetaTuna693,229c6f7b-7ad5-472e-a83f-e6530a842c6c
694,OmegaTuna694,DeltaTuna694,ThetaTuna694,79574a82-37bd-4c1f-a0a6-2069c9716ce4
695,OmegaTuna695,DeltaTuna695,ThetaTuna695,8f8245ae-2b64-4f8a-8b11-a09c7159a16d
696,OmegaTuna696,DeltaTuna696,ThetaTuna696,d8267807-4b01-44de-81b3-8c35bb65e6e3
697,OmegaTuna697,DeltaTuna697,ThetaTuna697,e3680e0e-d282-48ea-ae86-7011ccc67ae2
698,OmegaTuna698,DeltaTuna698,ThetaTuna698,fedbcc02-47f1-44b7-9868-5c319cf3eaac
699,OmegaTuna699,DeltaTuna699,ThetaTuna699,02758e6d-d80b-4b44-84f3-0c36921e1f54
700,OmegaTuna700,DeltaTuna700,ThetaTuna700,64567059-411c-4f49-ac99-348328913f3a
701,OmegaTuna701,DeltaTuna701,ThetaTuna701,f73ad7e8-42b1-4fc5-85bb-baa591168120
702,OmegaTuna702,DeltaTuna702,ThetaTuna702,ab3d5b23-d103-42eb-b9c5-dfdf3dfcd1c3
703,OmegaTuna703,DeltaTuna703,ThetaTuna703,a34e3eb9-5cf6-435d-bcaf-eb8838bedc5f
704,OmegaTuna704,DeltaTuna704,ThetaTuna704,a3e00fca-f6b6-4cd1-96ba-c12b65e11137
705,OmegaTuna705,DeltaTuna705,ThetaTuna705,c72002a0-498e-4845-96ad-04833edbf1ab
706,OmegaTuna706,DeltaTuna706,ThetaTuna706,97968775-e3d0-47df-aa24-4f1e9384337b
707,OmegaTuna707,DeltaTuna707,ThetaTuna707,dfd767c4-6d82-4ec4-b985-8a78349f41bf
708,OmegaTuna708,DeltaTuna708,ThetaTuna708,b596cfed-8cee-4554-8cbd-4a59dffa4c9e
709,OmegaTuna709,DeltaTuna709,ThetaTuna709,522c1c24-6923-49bf-9c0a-eb1b6d95df7e
710,OmegaTuna710,DeltaTuna710,ThetaTuna710,693a0c3a-a109-4e9f-bf8a-bec13213bd64
711,OmegaTuna711,DeltaTuna711,ThetaTuna711,015dc78d-c369-4ad2-ad37-f428fd763ed4
712,OmegaTuna712,DeltaTuna712,ThetaTuna712,73725919-6ed4-4637-add9-e78b7f1e891b
713,OmegaTuna713,DeltaTuna713,ThetaTuna713,37a3c388-9c11-4cc8-a1aa-da4340107e7e
714,OmegaTuna714,DeltaTuna714,ThetaTuna714,39e740b0-f587-48cf-8930-e91ea9cb6dc7
715,OmegaTuna715,DeltaTuna715,ThetaTuna715,2cfd9100-8573-4100-8ea3-3555e22be0de
716,OmegaTuna716,DeltaTuna716,ThetaTuna716,417f39af-e89a-47a4-9a60-d21493561b11
717,OmegaTuna717,DeltaTuna717,ThetaTuna717,4433dcd9-ce98-4e46-ac07-ca7f287b0436
718,OmegaTuna718,DeltaTuna718,ThetaTuna718,2ca86e49-0d63-4b06-a2b6-83f4717fe228
719,OmegaTuna719,DeltaTuna719,ThetaTuna719,7a7f0727-8570-417f-8c7d-dfa097bb4bbe
720,OmegaTuna720,DeltaTuna720,ThetaTuna720,23531316-a4e3-47d8-baa6-ff427dfc32bf
721,OmegaTuna721,DeltaTuna721,ThetaTuna721,a7fae913-62e2-477e-96cb-77dcc7b3c18a
722,OmegaTuna722,DeltaTuna722,ThetaTuna722,c8ca08fd-9f12-4a71-befa-25a37d566ab1
723,OmegaTuna723,DeltaTuna723,ThetaTuna723,8ac75a38-eecb-47cf-afbb-d0edceff2dcb
724,OmegaTuna724,DeltaTuna724,ThetaTuna724,e05901b8-0849-4663-91f9-7e91c985a658
725,OmegaTuna725,DeltaTuna725,ThetaTuna725,cdc31d4f-79f7-4b66-ab99-4033d7b21c05
726,OmegaTuna726,DeltaTuna726,ThetaTuna726,847eb58c-beb9-46e1-9a93-6358aa00dd4c
727,OmegaTuna727,DeltaTuna727,ThetaTuna727,f12d49a0-adea-499a-8d11-497241cb9e3a
728,OmegaTuna728,DeltaTuna728,ThetaTuna728,68e7554c-f130-4e96-aef5-c0ca3ccd354a
729,OmegaTuna729,DeltaTuna729,ThetaTuna729,99448039-62dc-4454-a176-e415df77b401
730,OmegaTuna730,DeltaTuna730,ThetaTuna730,413eee55-745a-49d7-8fb8-169d13ab0d8a
731,OmegaTuna731,DeltaTuna731,ThetaTuna731,859ef78a-0357-48d9-8ca0-e0911934efc0
732,OmegaTuna732,DeltaTuna732,ThetaTuna732,2ab9eed8-063b-4d95-be09-84647b97b259
733,OmegaTuna733,DeltaTuna733,ThetaTuna733,2cc1abc9-1b30-45ba-8ea7-24fa17fb7414
734,OmegaTuna734,DeltaTuna734,ThetaTuna734,f192b9f7-72f3-4a2c-bb94-5566f86fef01
735,OmegaTuna735,DeltaTuna735,ThetaTuna735,b98abe4a-b214-4d41-bbd0-1d43fab0c9d4
736,OmegaTuna736,DeltaTuna736,ThetaTuna736,dc31c196-2e76-4bb8-a9bd-2a0ad824a527
737,OmegaTuna737,DeltaTuna737,ThetaTuna737,74d94cda-cc83-4821-9bd1-2ea6485761b4
738,OmegaTuna738,DeltaTuna738,ThetaTuna738,f4e901a5-0c36-43db-b9c3-2d9309f00e54
739,OmegaTuna739,DeltaTuna739,ThetaTuna739,06389d66-5a1f-4ba1-85b7-e395005d9aef
740,OmegaTuna740,DeltaTuna740,ThetaTuna740,845c03aa-5463-4c67-acda-a3760fe308ae
741,OmegaTuna741,DeltaTuna741,ThetaTuna741,8705f2ef-5b9b-4363-8769-33f6e14681d7
742,OmegaTuna742,DeltaTuna742,ThetaTuna742,7e4de10e-c7ca-477f-b2f8-b98cf6aec78c
743,OmegaTuna743,DeltaTuna743,ThetaTuna743,d3bb4372-7d2d-44ba-9b3d-10a2f22da226
744,OmegaTuna744,DeltaTuna744,ThetaTuna744,b03b0201-9309-48b6-ac96-2cf1bbfdfd8f
745,OmegaTuna745,DeltaTuna745,ThetaTuna745,9e1617f5-c82d-40d9-901f-8dc839c1f9ed
746,OmegaTuna746,DeltaTuna746,ThetaTuna746,cee6e8fd-ba78-4bf0-abee-5a3961d7d368
747,OmegaTuna747,DeltaTuna747,ThetaTuna747,563f997f-b587-4b34-a4bb-993c30c08822
748,OmegaTuna748,DeltaTuna748,ThetaTuna748,83e74679-1e62-4a89-b00a-cf63b9f2ed7f
749,OmegaTuna749,DeltaTuna749,ThetaTuna749,50431c38-9729-44a6-b23d-7749a3919477
750,OmegaTuna750,DeltaTuna750,ThetaTuna750,eb3909a9-e15d-4cc3-a90b-cbd2475641e9
751,OmegaTuna751,DeltaTuna751,ThetaTuna751,4ba3035d-26bf-4bac-a86f-988b43091d41
752,OmegaTuna752,DeltaTuna752,ThetaTuna752,f0b041a4-67b1-42f8-905b-66f6ffdef5b0
753,OmegaTuna753,DeltaTuna753,ThetaTuna753,1203387c-5c50-40ff-94ef-b43057deff25
754,OmegaTuna754,DeltaTuna754,ThetaTuna754,a8b67fde-9eb6-402e-92e1-2c27545ac1d6
755,OmegaTuna755,DeltaTuna755,ThetaTuna755,c692b572-a634-499e-8006-7bba472f60c0
756,OmegaTuna756,DeltaTuna756,ThetaTuna756,6dee4760-b1d0-44ba-92d5-015af86c2e30
757,OmegaTuna757,DeltaTuna757,ThetaTuna757,7cec08e2-6518-40a1-8aab-8a58bc1ffa43
758,OmegaTuna758,DeltaTuna758,ThetaTuna758,84a9d425-d8e5-4a42-8163-09793ea09e5e
759,OmegaTuna759,DeltaTuna759,ThetaTuna759,0144859a-4aae-45a8-9b91-e9effd9d5b0f
760,OmegaTuna760,DeltaTuna760,ThetaTuna760,6824a62a-e7b4-493a-9f1b-33b3059469bb
761,OmegaTuna761,DeltaTuna761,ThetaTuna761,c82220e1-07ef-4069-9acd-ab519c73539a
762,OmegaTuna762,DeltaTuna762,ThetaTuna762,37030f16-b878-4d87-8daf-f4ab0cd8750b
763,OmegaTuna763,DeltaTuna763,ThetaTuna763,68e8ab06-e4ed-490b-a081-50df8778b457
764,OmegaTuna764,DeltaTuna764,ThetaTuna764,f1e7c5a8-efea-495e-9763-efa5c1bebaed
765,OmegaTuna765,DeltaTuna765,ThetaTuna765,897bc972-76ec-4571-a23b-5e85a9c5026c
766,OmegaTuna766,DeltaTuna766,ThetaTuna766,8db44a83-02b9-4080-b676-f155cd82c7dc
767,OmegaTuna767,DeltaTuna767,ThetaTuna767,d0c32d61-3a3e-495b-884d-3e26a349ead7
768,OmegaTuna768,DeltaTuna768,ThetaTuna768,6f711dec-af5c-4dc3-801a-e1fa4e200382
769,OmegaTuna769,DeltaTuna769,ThetaTuna769,3dea9261-30b3-4e33-ac16-bad1081f1bad
770,OmegaTuna770,DeltaTuna770,ThetaTuna770,304b5871-1a92-4b0a-97b7-6f8c7cdabf9a
771,OmegaTuna771,DeltaTuna771,ThetaTuna771,f7a75e0f-7d74-4528-bf42-c246d192d776
772,OmegaTuna772,DeltaTuna772,ThetaTuna772,3ca9d4e2-918a-43b1-824a-563e83f14dcf
773,OmegaTuna773,DeltaTuna773,ThetaTuna773,7e624b37-b7a0-4573-9e74-ddc0e9c79e3f
774,OmegaTuna774,DeltaTuna774,ThetaTuna774,4b4a6522-d42d-447f-84c0-5d48dee4db3f
775,OmegaTuna775,DeltaTuna775,ThetaTuna775,072d675b-48cf-4258-9b9b-74754e24dd78
776,OmegaTuna776,DeltaTuna776,ThetaTuna776,9cbe65f7-49bf-4c7c-aa47-41358525797f
777,OmegaTuna777,DeltaTuna777,ThetaTuna777,095fef28-a46f-4f88-b3e2-cea83c65ea5e
778,OmegaTuna778,DeltaTuna778,ThetaTuna778,68fc3f27-9a97-4802-baf0-c88db1452100
779,OmegaTuna779,DeltaTuna779,ThetaTuna779,973b5d67-5608-487d-b921-47939e9df317
780,OmegaTuna780,DeltaTuna780,ThetaTuna780,9e228957-613b-4431-9078-0a112ecc3815
781,OmegaTuna781,DeltaTuna781,ThetaTuna781,a68fcdfc-2c49-4d7b-bb32-988b9ea00689
782,OmegaTuna782,DeltaTuna782,ThetaTuna782,a15d292f-de38-4b19-9550-0e8e689229d4
783,OmegaTuna783,DeltaTuna783,ThetaTuna783,14def451-d456-4ec4-81e4-f3a05580ffcb
784,OmegaTuna784,DeltaTuna784,ThetaTuna784,29e063a3-b6a4-438f-ad47-5ae1636c4e21
785,OmegaTuna785,DeltaTuna785,ThetaTuna785,dbea9ec4-9550-461f-bb6a-ef4318117af4
786,OmegaTuna786,DeltaTuna786,ThetaTuna786,a947881f-3266-4d24-a6fa-5d1a47b5d6bc
787,OmegaTuna787,DeltaTuna787,ThetaTuna787,5aeb9cd3-2b05-40b4-85a9-10410f23eeea
788,OmegaTuna788,DeltaTuna788,ThetaTuna788,492e2313-cafe-4768-accc-46a68225b796
789,OmegaTuna789,DeltaTuna789,ThetaTuna789,4e671edb-c09c-4b70-878c-9d2d5286daac
790,OmegaTuna790,DeltaTuna790,ThetaTuna790,8baab6ed-a398-4879-8c8a-d9afc5e29be2
791,OmegaTuna791,DeltaTuna791,ThetaTuna791,32674aeb-b9b2-4238-b96f-4140a88d6e7b
792,OmegaTuna792,DeltaTuna792,ThetaTuna792,a327f4cc-25dc-4c5f-a56a-011060ecfe3c
793,OmegaTuna793,DeltaTuna793,ThetaTuna793,d25b3745-b79b-4bd1-9db0-ad5096363e7d
794,OmegaTuna794,DeltaTuna794,ThetaTuna794,a457db2b-0ff4-40f1-b9ef-af21b4ccff86
795,OmegaTuna795,DeltaTuna795,ThetaTuna795,fa36f3b9-8a18-4806-9085-905b5dab0f23
796,OmegaTuna796,DeltaTuna796,ThetaTuna796,c33e8218-371c-4bf3-bd13-c7a3b2208e02
797,OmegaTuna797,DeltaTuna797,ThetaTuna797,895fef91-daf0-40db-b413-90710fe71e88
798,OmegaTuna798,DeltaTuna798,ThetaTuna798,f7a85c0b-4675-4c18-bf2b-ccdb73ec8b3c
799,OmegaTuna799,DeltaTuna799,ThetaTuna799,a1bbe8d4-9f8e-46ce-b383-a33c3265a056
800,OmegaTuna800,DeltaTuna800,ThetaTuna800,89cd0ca2-8484-4ce5-99d7-8a4371c39995
801,OmegaTuna801,DeltaTuna801,ThetaTuna801,76026f8c-2b63-4651-b991-8f028b371037
802,OmegaTuna802,DeltaTuna802,ThetaTuna802,b99f43b3-883b-4426-81f1-957699bc88e0
803,OmegaTuna803,DeltaTuna803,ThetaTuna803,99781137-9897-4327-a149-66ae5753fb7f
804,OmegaTuna804,DeltaTuna804,ThetaTuna804,3251c5ce-333d-4183-953f-425af69a19d9
805,OmegaTuna805,DeltaTuna805,ThetaTuna805,8d5fd33b-5f53-4ec1-8937-1b609755d5cf
806,OmegaTuna806,DeltaTuna806,ThetaTuna806,be8b2cca-92de-47c1-a2cb-379c38873634
807,OmegaTuna807,DeltaTuna807,ThetaTuna807,2f985c7c-4f0c-494b-927f-c8a2e352a0e9
808,OmegaTuna808,DeltaTuna808,ThetaTuna808,db574e69-d023-429d-aa0f-cc7c96d48f87
809,OmegaTuna809,DeltaTuna809,ThetaTuna809,bd4866fb-72c6-4c07-be85-50bcc1f8b8d5
810,OmegaTuna810,DeltaTuna810,ThetaTuna810,e4f1a70c-fe8a-4482-90c9-bd53b56caf7c
811,OmegaTuna811,DeltaTuna811,ThetaTuna811,cafe8ba4-f097-4bb6-b345-714f68e8419f
812,OmegaTuna812,DeltaTuna812,ThetaTuna812,18d0cffb-ec4b-4c7c-9d21-263a791d0b66
813,OmegaTuna813,DeltaTuna813,ThetaTuna813,80d421fc-b08a-4bc6-b8b1-e9c7ac0eabd1
814,OmegaTuna814,DeltaTuna814,ThetaTuna814,c7a13655-7dd3-4c5f-a732-038f6756ded2
815,OmegaTuna815,DeltaTuna815,ThetaTuna815,a4d457b3-efb6-4517-8014-d968a48d6821
816,OmegaTuna816,DeltaTuna816,ThetaTuna816,648f24fe-465f-466b-ac9a-0a87d1155bc9
817,OmegaTuna817,DeltaTuna817,ThetaTuna817,22048f60-3fbd-4de5-9ec4-7f875bf500ae
818,OmegaTuna818,DeltaTuna818,ThetaTuna818,3cf3408b-b70c-4363-b443-f870106c843b
819,OmegaTuna819,DeltaTuna819,ThetaTuna819,18c5e18d-a6ef-432a-add6-d0d68cb16c5e
820,OmegaTuna820,DeltaTuna820,ThetaTuna820,bab71160-c62f-41c0-9c8d-446d8dd9d29b
821,OmegaTuna821,DeltaTuna821,ThetaTuna821,6006e54e-9350-467a-a3f2-f8182377cb04
822,OmegaTuna822,DeltaTuna822,ThetaTuna822,b4e7b8a8-e6ae-49c7-a2e8-b7471fadad54
823,OmegaTuna823,DeltaTuna823,ThetaTuna823,495880de-d208-4835-b42b-e630b70e5bd6
824,OmegaTuna824,DeltaTuna824,ThetaTuna824,c47fbc1b-5749-428a-9bde-bc02a8d6f35d
825,OmegaTuna825,DeltaTuna825,ThetaTuna825,53fdf48a-96d4-4263-a200-6007419c2340
826,OmegaTuna826,DeltaTuna826,ThetaTuna826,fd1bf588-a72b-4147-b9b5-474154595fa7
827,OmegaTuna827,DeltaTuna827,ThetaTuna827,e0be00b9-0ebd-4823-aab2-b36220a328e5
828,OmegaTuna828,DeltaTuna828,ThetaTuna828,d7e37cb7-7c80-4293-85ab-49f343cfff8a
829,OmegaTuna829,DeltaTuna829,ThetaTuna829,adcf9c46-4bf5-48a4-826b-20fbf25ffa97
830,OmegaTuna830,DeltaTuna830,ThetaTuna830,6d4f538c-b675-4de0-b01d-8b40b7e394db
831,OmegaTuna831,DeltaTuna831,ThetaTuna831,bef07a23-6c46-4d88-9f9f-d7a0b107a035
832,OmegaTuna832,DeltaTuna832,ThetaTuna832,96b47b45-fa1d-4955-9e5f-d3188cd362dd
833,OmegaTuna833,DeltaTuna833,ThetaTuna833,19c23543-9c7b-4fd8-93dc-284361f84ec0
834,OmegaTuna834,DeltaTuna834,ThetaTuna834,d5441d78-87f3-4130-9b20-e2fe06c4d8c5
835,OmegaTuna835,DeltaTuna835,ThetaTuna835,3f6963f8-f91b-4117-82d2-4519c2f33524
836,OmegaTuna836,DeltaTuna836,ThetaTuna836,07b3a46a-1696-4f8d-8b71-e4e4aca8bed6
837,OmegaTuna837,DeltaTuna837,ThetaTuna837,3fd11fc2-d70e-40a1-9bd5-a75c2eaec1f6
838,OmegaTuna838,DeltaTuna838,ThetaTuna838,23b7f2e0-dff1-4f8d-ae5c-721b6a48462e
839,OmegaTuna839,DeltaTuna839,ThetaTuna839,9139e52c-61b0-475c-bede-0a4bbfa08086
840,OmegaTuna840,DeltaTuna840,ThetaTuna840,a700678f-bb95-4367-b245-2f5b8b4ab80a
841,OmegaTuna841,DeltaTuna841,ThetaTuna841,e316f0af-dd31-4515-955f-45d28cc601bc
842,OmegaTuna842,DeltaTuna842,ThetaTuna842,4bc79c9f-1aaf-49d0-955e-a5a900d938d2
843,OmegaTuna843,DeltaTuna843,ThetaTuna843,702c5025-6a33-49c4-9712-7e16153a42f4
844,OmegaTuna844,DeltaTuna844,ThetaTuna844,ce5bd5d8-6534-4990-b11a-c885cad2cbda
845,OmegaTuna845,DeltaTuna845,ThetaTuna845,cdf9495b-6bcc-4f45-96a4-c94c85a84c06
846,OmegaTuna846,DeltaTuna846,ThetaTuna846,ada37d3a-0be6-42dc-a76b-5cd35dd75369
847,OmegaTuna847,DeltaTuna847,ThetaTuna847,0bfd09ff-e0a6-4fb3-af26-d466b3b4f0c0
848,OmegaTuna848,DeltaTuna848,ThetaTuna848,26d8b1c0-6f93-49fe-aacb-64222962f406
849,OmegaTuna849,DeltaTuna849,ThetaTuna849,421c230f-0bf8-4598-9dfd-70ff81052d15
850,OmegaTuna850,DeltaTuna850,ThetaTuna850,47a6c4e7-e910-4740-a40b-fc398c262dc4
851,OmegaTuna851,DeltaTuna851,ThetaTuna851,1a35c37a-f09c-4766-a2b7-dab6be3cd582
852,OmegaTuna852,DeltaTuna852,ThetaTuna852,ca9ab717-a4c6-4b15-9d07-654cea7cf574
853,OmegaTuna853,DeltaTuna853,ThetaTuna853,83ce5af0-85fe-4542-8c04-12208eec04b6
854,OmegaTuna854,DeltaTuna854,ThetaTuna854,ec1e709c-d90f-4f7a-98ca-86be4683254b
855,OmegaTuna855,DeltaTuna855,ThetaTuna855,134b9922-bb84-4583-bd55-00ea06395b36
856,OmegaTuna856,DeltaTuna856,ThetaTuna856,fb6d6336-e77b-489e-80bc-d0cba4a99abb
857,OmegaTuna857,DeltaTuna857,ThetaTuna857,47afde8d-0b4e-415b-a3a2-c6a6efaaf22d
858,OmegaTuna858,DeltaTuna858,ThetaTuna858,52df1dd9-115c-4bce-a864-14ddbb777f02
859,OmegaTuna859,DeltaTuna859,ThetaTuna859,f5d1b29a-359e-4edb-bba5-84e0ebb9ff93
860,OmegaTuna860,DeltaTuna860,ThetaTuna860,b68ff2a8-8e0b-4759-bddf-76836cea0399
861,OmegaTuna861,DeltaTuna861,ThetaTuna861,72bc4d31-a6aa-4628-b984-77ceb68f4806
862,OmegaTuna862,DeltaTuna862,ThetaTuna862,37b59e83-2a80-418d-bfe1-cad4fb33db9b
863,OmegaTuna863,DeltaTuna863,ThetaTuna863,63049ba4-6377-440f-b3bb-5ccc3432b7b6
864,OmegaTuna864,DeltaTuna864,ThetaTuna864,09deacdf-ce5b-4293-b01a-666f05ef30dd
865,OmegaTuna865,DeltaTuna865,ThetaTuna865,ca38121c-3070-4029-8332-7aae9bd166ce
866,OmegaTuna866,DeltaTuna866,ThetaTuna866,72a51242-9126-471b-93b7-09e4f2f42a54
867,OmegaTuna867,DeltaTuna867,ThetaTuna867,9a9227cb-1c80-449a-9b4d-29a24f68bad9
868,OmegaTuna868,DeltaTuna868,ThetaTuna868,a261eb3f-5e7c-43d0-aba6-f1e957b2ab36
869,OmegaTuna869,DeltaTuna869,ThetaTuna869,128e0b17-39e5-43dc-ac93-a8c035572930
870,OmegaTuna870,DeltaTuna870,ThetaTuna870,c68817a9-19f9-4b1a-b389-7bcf01a94803
871,OmegaTuna871,DeltaTuna871,ThetaTuna871,f9fff14e-8468-4365-9993-c0f4660b94ad
872,OmegaTuna872,DeltaTuna872,ThetaTuna872,38605501-a68c-475b-9236-a6d1da5d915c
873,OmegaTuna873,DeltaTuna873,ThetaTuna873,6cdcfe04-4215-447f-a139-608db67a8623
874,OmegaTuna874,DeltaTuna874,ThetaTuna874,e60862e0-0a1c-41c9-82e3-7ab5dd96f77f
875,OmegaTuna875,DeltaTuna875,ThetaTuna875,6427d181-6e59-4544-9c82-0348be4aff7f
876,OmegaTuna876,DeltaTuna876,ThetaTuna876,93c26e7f-e845-4768-a843-c0a099c6840d
877,OmegaTuna877,DeltaTuna877,ThetaTuna877,d3662b3b-5f0c-4126-9e99-1a657eef1ef1
878,OmegaTuna878,DeltaTuna878,ThetaTuna878,41efb2fe-20ce-4e96-874f-a09e28f77029
879,OmegaTuna879,DeltaTuna879,ThetaTuna879,24a223cd-9c96-4ba0-abcd-9a764ce3fbcd
880,OmegaTuna880,DeltaTuna880,ThetaTuna880,d8c2c18b-283c-4c8f-8953-87c6c5ab553e
881,OmegaTuna881,DeltaTuna881,ThetaTuna881,da4f9536-23ef-4060-932b-a5d063672030
882,OmegaTuna882,DeltaTuna882,ThetaTuna882,21ae897c-7a6f-4827-9e1e-988fb4f2a7d1
883,OmegaTuna883,DeltaTuna883,ThetaTuna883,83a9d0f5-0adc-4f8e-bea8-6881c7a5f6bd
884,OmegaTuna884,DeltaTuna884,ThetaTuna884,4967a8a5-82c6-4b54-b5a0-5287a051ce8b
885,OmegaTuna885,DeltaTuna885,ThetaTuna885,205b04ae-b47b-4051-96f1-70580e99ca95
886,OmegaTuna886,DeltaTuna886,ThetaTuna886,898967b7-2f58-4335-b66c-9a027ba5267c
887,OmegaTuna887,DeltaTuna887,ThetaTuna887,fb537c03-7a24-4d07-96be-19e5f4c5d9a0
888,OmegaTuna888,DeltaTuna888,ThetaTuna888,e4e43c48-4234-4328-b80f-dc8f3dd50a76
889,OmegaTuna889,DeltaTuna889,ThetaTuna889,d2598020-249f-4804-a506-65eed7bb7d1a
890,OmegaTuna890,DeltaTuna890,ThetaTuna890,09060ef5-96a1-4d6b-9b51-c4884fe64785
891,OmegaTuna891,DeltaTuna891,ThetaTuna891,f4d42a5e-33aa-49f1-83f7-eee4f12b2d16
892,OmegaTuna892,DeltaTuna892,ThetaTuna892,c64eb424-538a-4edb-ba5c-de3a8bcc9ecc
893,OmegaTuna893,DeltaTuna893,ThetaTuna893,4d394097-6334-4400-bbe8-f67834c64afa
894,OmegaTuna894,DeltaTuna894,ThetaTuna894,5b4e83bd-de0c-448b-81b3-b46e91e75193
895,OmegaTuna895,DeltaTuna895,ThetaTuna895,9fdadde0-0dfd-4413-a931-fa4f01b67cad
896,OmegaTuna896,DeltaTuna896,ThetaTuna896,3142e965-0f9c-442d-b183-d66aa0b9a3ba
897,OmegaTuna897,DeltaTuna897,ThetaTuna897,1c7b2702-0c07-4a3d-ae11-ef5df4a25678
898,OmegaTuna898,DeltaTuna898,ThetaTuna898,bf599a95-3a09-425a-a733-b001757a67df
899,OmegaTuna899,DeltaTuna899,ThetaTuna899,907ca7de-5572-4e14-8253-2d5ea019ac88
900,OmegaTuna900,DeltaTuna900,ThetaTuna900,ffc09cee-ad58-494d-b017-0b45c1642dae
901,OmegaTuna901,DeltaTuna901,ThetaTuna901,1de21037-e3bd-4103-a968-efbb25ade7df
902,OmegaTuna902,DeltaTuna902,ThetaTuna902,de376038-00f0-4756-ad73-d7568e8d885a
903,OmegaTuna903,DeltaTuna903,ThetaTuna903,a08de300-1a36-4560-b50e-d4ea0fa42ac9
904,OmegaTuna904,DeltaTuna904,ThetaTuna904,f6a82cf2-ebd4-41eb-b4aa-8d7730875748
905,OmegaTuna905,DeltaTuna905,ThetaTuna905,92749d98-4f50-4157-ae55-67eac828bf6e
906,OmegaTuna906,DeltaTuna906,ThetaTuna906,75934407-0de9-4ae3-8a38-26365aab69de
907,OmegaTuna907,DeltaTuna907,ThetaTuna907,8a9da00c-d2a5-4fae-863d-36b17451c39a
908,OmegaTuna908,DeltaTuna908,ThetaTuna908,1ffeb52e-05cb-4365-b4f4-aed9a2a35612
909,OmegaTuna909,DeltaTuna909,ThetaTuna909,d7cbc208-5fe4-4855-b94a-1a7466bfb70d
910,OmegaTuna910,DeltaTuna910,ThetaTuna910,9f33e27e-41c9-4313-9818-c7a2c385e933
911,OmegaTuna911,DeltaTuna911,ThetaTuna911,3f029a88-a7b7-418b-9818-89e72ef4fe22
912,OmegaTuna912,DeltaTuna912,ThetaTuna912,2761d9d3-16ce-4f09-867b-ae2a6db36117
913,OmegaTuna913,DeltaTuna913,ThetaTuna913,4666c4e1-e1c6-4e47-a018-ca3f0498fd1d
914,OmegaTuna914,DeltaTuna914,ThetaTuna914,e8796b56-7284-425a-9442-c62900752428
915,OmegaTuna915,DeltaTuna915,ThetaTuna915,2e452ee5-950d-478a-b3d8-5878872e04f1
916,OmegaTuna916,DeltaTuna916,ThetaTuna916,bb2fa8e9-5dbd-4872-978b-f10292a8f461
917,OmegaTuna917,DeltaTuna917,ThetaTuna917,be93e062-9859-4ded-97b7-567b2d10a191
918,OmegaTuna918,DeltaTuna918,ThetaTuna918,f49569d8-d452-4491-8dee-61ad4a0939cb
919,OmegaTuna919,DeltaTuna919,ThetaTuna919,d03b7b18-4b61-4bb9-b9b8-ee5e110f9fcd
920,OmegaTuna920,DeltaTuna920,ThetaTuna920,4ec6f939-f937-4825-8708-c6c659e18213
921,OmegaTuna921,DeltaTuna921,ThetaTuna921,5f199494-1e91-493f-bfbd-347b3db1ec3c
922,OmegaTuna922,DeltaTuna922,ThetaTuna922,a8943919-553a-4e9a-b452-0a24aa6631de
923,OmegaTuna923,DeltaTuna923,ThetaTuna923,b88bb662-c49f-4037-a790-1c77fe6b3d80
924,OmegaTuna924,DeltaTuna924,ThetaTuna924,97353ba0-f346-415c-82f5-686d18320949
925,OmegaTuna925,DeltaTuna925,ThetaTuna925,341f63d0-2007-4d59-92ca-1d4c848dc0ec
926,OmegaTuna926,DeltaTuna926,ThetaTuna926,145896db-9029-4ba3-aa3b-dde673b8adb3
927,OmegaTuna927,DeltaTuna927,ThetaTuna927,b1eaa3c9-f1db-46c9-8ed5-e1c622e7c382
928,OmegaTuna928,DeltaTuna928,ThetaTuna928,969a3cb1-e3b6-45cf-a762-b69e7e0533e2
929,OmegaTuna929,DeltaTuna929,ThetaTuna929,ee8ebebe-3461-48a2-bdb7-528093f2e9c2
930,OmegaTuna930,DeltaTuna930,ThetaTuna930,a94afed3-f64f-4a7c-aed1-78c8cd5496f1
931,OmegaTuna931,DeltaTuna931,ThetaTuna931,1e149876-0285-4ea3-a129-1a98f202f078
932,OmegaTuna932,DeltaTuna932,ThetaTuna932,df496469-8d28-4e3d-a84d-10e731527e88
933,OmegaTuna933,DeltaTuna933,ThetaTuna933,257d5eb6-0941-43a3-a7ea-e8085ee9a8e3
934,OmegaTuna934,DeltaTuna934,ThetaTuna934,f9c444ac-a59e-4582-9847-4d8eb36062cf
935,OmegaTuna935,DeltaTuna935,ThetaTuna935,0278a60a-d1f3-44db-bd97-c01863cbf70a
936,OmegaTuna936,DeltaTuna936,ThetaTuna936,93faca69-d412-4922-a2b0-17cc075d7771
937,OmegaTuna937,DeltaTuna937,ThetaTuna937,12b7113f-4cd7-414c-8997-323d7da77830
938,OmegaTuna938,DeltaTuna938,ThetaTuna938,9b86144f-0847-4806-b61d-eb59816f6f4d
939,OmegaTuna939,DeltaTuna939,ThetaTuna939,1794897e-b28f-4860-9eb9-0a0e3e0ae0c8
940,OmegaTuna940,DeltaTuna940,ThetaTuna940,187628cd-9b9f-4e0e-b392-a4b1a6948857
941,OmegaTuna941,DeltaTuna941,ThetaTuna941,c329a547-4617-411e-949b-fa348140cd8f
942,OmegaTuna942,DeltaTuna942,ThetaTuna942,bf05c833-e900-4345-9414-d06bdc1f6936
943,OmegaTuna943,DeltaTuna943,ThetaTuna943,f0942d51-69b9-4fea-8faf-f9888241561b
944,OmegaTuna944,DeltaTuna944,ThetaTuna944,67f6c20b-1861-4a56-a953-91433c6cadb4
945,OmegaTuna945,DeltaTuna945,ThetaTuna945,ae7d0c11-5904-4265-a32d-59f545331da1
946,OmegaTuna946,DeltaTuna946,ThetaTuna946,34a167ef-f9bd-41a9-a3f4-a1d1c3f9a0fc
947,OmegaTuna947,DeltaTuna947,ThetaTuna947,9f1ca331-2857-461a-adf8-d8941906791d
948,OmegaTuna948,DeltaTuna948,ThetaTuna948,34a329a2-a06c-4211-ac2d-8f819ccc697c
949,OmegaTuna949,DeltaTuna949,ThetaTuna949,734b02fa-52cb-43eb-905b-623866506319
950,OmegaTuna950,DeltaTuna950,ThetaTuna950,d96f2998-8b77-4c09-86e9-19620ab223c3
951,OmegaTuna951,DeltaTuna951,ThetaTuna951,f4c88458-3c11-499a-9b81-e01eafb052a8
952,OmegaTuna952,DeltaTuna952,ThetaTuna952,e3ebbc97-7203-4920-a0f6-aea40ce99ea3
953,OmegaTuna953,DeltaTuna953,ThetaTuna953,903be387-0990-478b-b8df-f37294e54296
954,OmegaTuna954,DeltaTuna954,ThetaTuna954,efad7b37-5322-4892-89ac-776d7cefdf80
955,OmegaTuna955,DeltaTuna955,ThetaTuna955,e6ac2206-97f8-4a58-922d-30fd73234446
956,OmegaTuna956,DeltaTuna956,ThetaTuna956,22f53912-4087-4ddc-9bf0-dbf5206c9fe9
957,OmegaTuna957,DeltaTuna957,ThetaTuna957,29749fd7-e65e-42de-b8ed-638b1bab4029
958,OmegaTuna958,DeltaTuna958,ThetaTuna958,daee7522-7a9a-4ece-871c-446a0085adf4
959,OmegaTuna959,DeltaTuna959,ThetaTuna959,abba0086-0ccf-407c-a774-0453cd1650d6
960,OmegaTuna960,DeltaTuna960,ThetaTuna960,78029b61-7112-4ad1-8a67-b2c1bf104f44
961,OmegaTuna961,DeltaTuna961,ThetaTuna961,147ce628-cec2-4999-a899-92aca6b1d954
962,OmegaTuna962,DeltaTuna962,ThetaTuna962,0ce73de7-a92e-48b3-8a8b-c7ddcd924723
963,OmegaTuna963,DeltaTuna963,ThetaTuna963,02cfabde-b401-425d-a366-6f8100e1c506
964,OmegaTuna964,DeltaTuna964,ThetaTuna964,b0f20506-5dd6-4fb5-954e-e5629712ffcc
965,OmegaTuna965,DeltaTuna965,ThetaTuna965,ca6fa754-bdf3-431f-8921-6f19604edce5
966,OmegaTuna966,DeltaTuna966,ThetaTuna966,ac455784-7775-484b-8bf9-77dca6658d93
967,OmegaTuna967,DeltaTuna967,ThetaTuna967,d067b070-bede-47c6-8c31-16ef2df8bdf6
968,OmegaTuna968,DeltaTuna968,ThetaTuna968,be65aa2f-eb03-4dd8-9c2b-e2f735e2396a
969,OmegaTuna969,DeltaTuna969,ThetaTuna969,83c455e7-486b-40e8-a8b7-8364b567bd4d
970,OmegaTuna970,DeltaTuna970,ThetaTuna970,ec4c9ab2-d5ac-4045-a020-8403b74bab87
971,OmegaTuna971,DeltaTuna971,ThetaTuna971,08b474a2-6bc0-4c80-8bfa-bc0710d68b5d
972,OmegaTuna972,DeltaTuna972,ThetaTuna972,625feffd-34b8-44c2-8649-156b6de4af6e
973,OmegaTuna973,DeltaTuna973,ThetaTuna973,e5ea7a2f-ae6d-47bd-a996-8b7f792a7132
974,OmegaTuna974,DeltaTuna974,ThetaTuna974,677ced04-2d9a-4d72-b8c5-ce8bc278b5de
975,OmegaTuna975,DeltaTuna975,ThetaTuna975,c3ddbcd3-7ff3-448f-9d28-52be9a6c22a8
976,OmegaTuna976,DeltaTuna976,ThetaTuna976,6cd77e62-d53d-4454-9d17-ff1ace8e0f01
977,OmegaTuna977,DeltaTuna977,ThetaTuna977,81c5e948-507b-4ea3-b6b1-3f6e78fedd5e
978,OmegaTuna978,DeltaTuna978,ThetaTuna978,f4157030-1936-43e3-904a-a80a45cc6eaf
979,OmegaTuna979,DeltaTuna979,ThetaTuna979,63ecb461-ca2c-49cd-914f-e61cc7d20f4a
980,OmegaTuna980,DeltaTuna980,ThetaTuna980,af053552-61e1-402f-bb66-f96d02692222
981,OmegaTuna981,DeltaTuna981,ThetaTuna981,a2cf281e-5f01-4fab-b1cd-0568793e4a0b
982,OmegaTuna982,DeltaTuna982,ThetaTuna982,b28a5582-4836-4348-9da7-7ae9584b3cab
983,OmegaTuna983,DeltaTuna983,ThetaTuna983,97df02f6-ab45-42c9-bd34-cfc571c01149
984,OmegaTuna984,DeltaTuna984,ThetaTuna984,450336e3-ccef-4fa1-a3a5-9e9f0a859b29
985,OmegaTuna985,DeltaTuna985,ThetaTuna985,59930d0d-6e8c-46a6-b0e3-702ad677db34
986,OmegaTuna986,DeltaTuna986,ThetaTuna986,3a898b1d-44dd-42b9-ab0f-5a32aef2f461
987,OmegaTuna987,DeltaTuna987,ThetaTuna987,aaf9348c-2af8-4fc7-aa06-d01c43cf4873
988,OmegaTuna988,DeltaTuna988,ThetaTuna988,6911d60c-8321-4ddd-b79a-a09d17421d4b
989,OmegaTuna989,DeltaTuna989,ThetaTuna989,b9959516-2e4f-476c-ad39-c8bffbba2151
990,OmegaTuna990,DeltaTuna990,ThetaTuna990,67dfdc8a-ed72-4351-a174-76e3d7e272b4
991,OmegaTuna991,DeltaTuna991,ThetaTuna991,19c757f0-b37f-4155-b547-c003b93c96ab
992,OmegaTuna992,DeltaTuna992,ThetaTuna992,935f9009-b38d-4f8e-b743-8861586c0a85
993,OmegaTuna993,DeltaTuna993,ThetaTuna993,6c3117dd-ea67-448a-834b-1c06994016f5
994,OmegaTuna994,DeltaTuna994,ThetaTuna994,dff0db03-446e-40b5-9964-f44fddb0f1bc
995,OmegaTuna995,DeltaTuna995,ThetaTuna995,84de783b-db1d-4983-be9c-720ae0bda0b2
996,OmegaTuna996,DeltaTuna996,ThetaTuna996,204e85d4-ad97-4659-86da-46f99ccf1f7f
997,OmegaTuna997,DeltaTuna997,ThetaTuna997,71d2dba2-f4fc-4320-b059-580440408c98
998,OmegaTuna998,DeltaTuna998,ThetaTuna998,091c20fc-1d39-40fb-98fe-ba6634b59b92
999,OmegaTuna999,DeltaTuna999,ThetaTuna999,64eb18b2-4395-4600-8fad-db5f5dc79b3a
1000,OmegaTuna1000,DeltaTuna1000,ThetaTuna1000,ff35c266-2d8b-4937-af25-a1c1fac1137d
